,0,1,2,3,4,5,6,7,8,9,10,11,12,13,14,15,16,17,18,19,20,21,22,23,24,25,26,27,28,29
2007-01-01 00:00:00,MMM,AA,MO,AXP,AIG,BA,CAT,C,KO,DD,XOM,GE,GM,HPQ,HD,HON,INTC,IBM,JNJ,JPM,MCD,MRK,MSFT,PFE,PG,RTX,VZ,WMT,DIS,T
2007-01-15 00:00:00,MMM,AA,MO,AXP,AIG,BA,CAT,C,KO,DD,XOM,GE,GM,HPQ,HD,HON,INTC,IBM,JNJ,JPM,MCD,MRK,MSFT,PFE,PG,RTX,VZ,WMT,DIS,T
2007-01-29 00:00:00,MMM,AA,MO,AXP,AIG,BA,CAT,C,KO,DD,XOM,GE,GM,HPQ,HD,HON,INTC,IBM,JNJ,JPM,MCD,MRK,MSFT,PFE,PG,RTX,VZ,WMT,DIS,T
2007-02-12 00:00:00,MMM,AA,MO,AXP,AIG,BA,CAT,C,KO,DD,XOM,GE,GM,HPQ,HD,HON,INTC,IBM,JNJ,JPM,MCD,MRK,MSFT,PFE,PG,RTX,VZ,WMT,DIS,T
2007-02-26 00:00:00,MMM,AA,MO,AXP,AIG,BA,CAT,C,KO,DD,XOM,GE,GM,HPQ,HD,HON,INTC,IBM,JNJ,JPM,MCD,MRK,MSFT,PFE,PG,RTX,VZ,WMT,DIS,T
2007-03-12 00:00:00,MMM,AA,MO,AXP,AIG,BA,CAT,C,KO,DD,XOM,GE,GM,HPQ,HD,HON,INTC,IBM,JNJ,JPM,MCD,MRK,MSFT,PFE,PG,RTX,VZ,WMT,DIS,T
2007-03-26 00:00:00,MMM,AA,MO,AXP,AIG,BA,CAT,C,KO,DD,XOM,GE,GM,HPQ,HD,HON,INTC,IBM,JNJ,JPM,MCD,MRK,MSFT,PFE,PG,RTX,VZ,WMT,DIS,T
2007-04-09 00:00:00,MMM,AA,MO,AXP,AIG,BA,CAT,C,KO,DD,XOM,GE,GM,HPQ,HD,HON,INTC,IBM,JNJ,JPM,MCD,MRK,MSFT,PFE,PG,RTX,VZ,WMT,DIS,T
2007-04-23 00:00:00,MMM,AA,MO,AXP,AIG,BA,CAT,C,KO,DD,XOM,GE,GM,HPQ,HD,HON,INTC,IBM,JNJ,JPM,MCD,MRK,MSFT,PFE,PG,RTX,VZ,WMT,DIS,T
2007-05-07 00:00:00,MMM,AA,MO,AXP,AIG,BA,CAT,C,KO,DD,XOM,GE,GM,HPQ,HD,HON,INTC,IBM,JNJ,JPM,MCD,MRK,MSFT,PFE,PG,RTX,VZ,WMT,DIS,T
2007-05-21 00:00:00,MMM,AA,MO,AXP,AIG,BA,CAT,C,KO,DD,XOM,GE,GM,HPQ,HD,HON,INTC,IBM,JNJ,JPM,MCD,MRK,MSFT,PFE,PG,RTX,VZ,WMT,DIS,T
2007-06-04 00:00:00,MMM,AA,MO,AXP,AIG,BA,CAT,C,KO,DD,XOM,GE,GM,HPQ,HD,HON,INTC,IBM,JNJ,JPM,MCD,MRK,MSFT,PFE,PG,RTX,VZ,WMT,DIS,T
2007-06-18 00:00:00,MMM,AA,MO,AXP,AIG,BA,CAT,C,KO,DD,XOM,GE,GM,HPQ,HD,HON,INTC,IBM,JNJ,JPM,MCD,MRK,MSFT,PFE,PG,RTX,VZ,WMT,DIS,T
2007-07-02 00:00:00,MMM,AA,MO,AXP,AIG,BA,CAT,C,KO,DD,XOM,GE,GM,HPQ,HD,HON,INTC,IBM,JNJ,JPM,MCD,MRK,MSFT,PFE,PG,RTX,VZ,WMT,DIS,T
2007-07-16 00:00:00,MMM,AA,MO,AXP,AIG,BA,CAT,C,KO,DD,XOM,GE,GM,HPQ,HD,HON,INTC,IBM,JNJ,JPM,MCD,MRK,MSFT,PFE,PG,RTX,VZ,WMT,DIS,T
2007-07-30 00:00:00,MMM,AA,MO,AXP,AIG,BA,CAT,C,KO,DD,XOM,GE,GM,HPQ,HD,HON,INTC,IBM,JNJ,JPM,MCD,MRK,MSFT,PFE,PG,RTX,VZ,WMT,DIS,T
2007-08-13 00:00:00,MMM,AA,MO,AXP,AIG,BA,CAT,C,KO,DD,XOM,GE,GM,HPQ,HD,HON,INTC,IBM,JNJ,JPM,MCD,MRK,MSFT,PFE,PG,RTX,VZ,WMT,DIS,T
2007-08-27 00:00:00,MMM,AA,MO,AXP,AIG,BA,CAT,C,KO,DD,XOM,GE,GM,HPQ,HD,HON,INTC,IBM,JNJ,JPM,MCD,MRK,MSFT,PFE,PG,RTX,VZ,WMT,DIS,T
2007-09-10 00:00:00,MMM,AA,MO,AXP,AIG,BA,CAT,C,KO,DD,XOM,GE,GM,HPQ,HD,HON,INTC,IBM,JNJ,JPM,MCD,MRK,MSFT,PFE,PG,RTX,VZ,WMT,DIS,T
2007-09-24 00:00:00,MMM,AA,MO,AXP,AIG,BA,CAT,C,KO,DD,XOM,GE,GM,HPQ,HD,HON,INTC,IBM,JNJ,JPM,MCD,MRK,MSFT,PFE,PG,RTX,VZ,WMT,DIS,T
2007-10-08 00:00:00,MMM,AA,MO,AXP,AIG,BA,CAT,C,KO,DD,XOM,GE,GM,HPQ,HD,HON,INTC,IBM,JNJ,JPM,MCD,MRK,MSFT,PFE,PG,RTX,VZ,WMT,DIS,T
2007-10-22 00:00:00,MMM,AA,MO,AXP,AIG,BA,CAT,C,KO,DD,XOM,GE,GM,HPQ,HD,HON,INTC,IBM,JNJ,JPM,MCD,MRK,MSFT,PFE,PG,RTX,VZ,WMT,DIS,T
2007-11-05 00:00:00,MMM,AA,MO,AXP,AIG,BA,CAT,C,KO,DD,XOM,GE,GM,HPQ,HD,HON,INTC,IBM,JNJ,JPM,MCD,MRK,MSFT,PFE,PG,RTX,VZ,WMT,DIS,T
2007-11-19 00:00:00,MMM,AA,MO,AXP,AIG,BA,CAT,C,KO,DD,XOM,GE,GM,HPQ,HD,HON,INTC,IBM,JNJ,JPM,MCD,MRK,MSFT,PFE,PG,RTX,VZ,WMT,DIS,T
2007-12-03 00:00:00,MMM,AA,MO,AXP,AIG,BA,CAT,C,KO,DD,XOM,GE,GM,HPQ,HD,HON,INTC,IBM,JNJ,JPM,MCD,MRK,MSFT,PFE,PG,RTX,VZ,WMT,DIS,T
2007-12-17 00:00:00,MMM,AA,MO,AXP,AIG,BA,CAT,C,KO,DD,XOM,GE,GM,HPQ,HD,HON,INTC,IBM,JNJ,JPM,MCD,MRK,MSFT,PFE,PG,RTX,VZ,WMT,DIS,T
2007-12-31 00:00:00,MMM,AA,MO,AXP,AIG,BA,CAT,C,KO,DD,XOM,GE,GM,HPQ,HD,HON,INTC,IBM,JNJ,JPM,MCD,MRK,MSFT,PFE,PG,RTX,VZ,WMT,DIS,T
2008-01-14 00:00:00,MMM,AA,MO,AXP,AIG,BA,CAT,C,KO,DD,XOM,GE,GM,HPQ,HD,HON,INTC,IBM,JNJ,JPM,MCD,MRK,MSFT,PFE,PG,RTX,VZ,WMT,DIS,T
2008-01-28 00:00:00,MMM,AA,MO,AXP,AIG,BA,CAT,C,KO,DD,XOM,GE,GM,HPQ,HD,HON,INTC,IBM,JNJ,JPM,MCD,MRK,MSFT,PFE,PG,RTX,VZ,WMT,DIS,T
2008-02-11 00:00:00,MMM,AA,MO,AXP,AIG,BA,CAT,C,KO,DD,XOM,GE,GM,HPQ,HD,HON,INTC,IBM,JNJ,JPM,MCD,MRK,MSFT,PFE,PG,RTX,VZ,WMT,DIS,T
2008-02-25 00:00:00,MMM,AA,AXP,AIG,BA,CAT,C,KO,DD,XOM,GE,GM,HPQ,HD,INTC,IBM,JNJ,JPM,MCD,MRK,MSFT,PFE,PG,RTX,VZ,WMT,DIS,T,BAC,CVX
2008-03-10 00:00:00,MMM,AA,AXP,AIG,BA,CAT,C,KO,DD,XOM,GE,GM,HPQ,HD,INTC,IBM,JNJ,JPM,MCD,MRK,MSFT,PFE,PG,RTX,VZ,WMT,DIS,T,BAC,CVX
2008-03-24 00:00:00,MMM,AA,AXP,AIG,BA,CAT,C,KO,DD,XOM,GE,GM,HPQ,HD,INTC,IBM,JNJ,JPM,MCD,MRK,MSFT,PFE,PG,RTX,VZ,WMT,DIS,T,BAC,CVX
2008-04-07 00:00:00,MMM,AA,AXP,AIG,BA,CAT,C,KO,DD,XOM,GE,GM,HPQ,HD,INTC,IBM,JNJ,JPM,MCD,MRK,MSFT,PFE,PG,RTX,VZ,WMT,DIS,T,BAC,CVX
2008-04-21 00:00:00,MMM,AA,AXP,AIG,BA,CAT,C,KO,DD,XOM,GE,GM,HPQ,HD,INTC,IBM,JNJ,JPM,MCD,MRK,MSFT,PFE,PG,RTX,VZ,WMT,DIS,T,BAC,CVX
2008-05-05 00:00:00,MMM,AA,AXP,AIG,BA,CAT,C,KO,DD,XOM,GE,GM,HPQ,HD,INTC,IBM,JNJ,JPM,MCD,MRK,MSFT,PFE,PG,RTX,VZ,WMT,DIS,T,BAC,CVX
2008-05-19 00:00:00,MMM,AA,AXP,AIG,BA,CAT,C,KO,DD,XOM,GE,GM,HPQ,HD,INTC,IBM,JNJ,JPM,MCD,MRK,MSFT,PFE,PG,RTX,VZ,WMT,DIS,T,BAC,CVX
2008-06-02 00:00:00,MMM,AA,AXP,AIG,BA,CAT,C,KO,DD,XOM,GE,GM,HPQ,HD,INTC,IBM,JNJ,JPM,MCD,MRK,MSFT,PFE,PG,RTX,VZ,WMT,DIS,T,BAC,CVX
2008-06-16 00:00:00,MMM,AA,AXP,AIG,BA,CAT,C,KO,DD,XOM,GE,GM,HPQ,HD,INTC,IBM,JNJ,JPM,MCD,MRK,MSFT,PFE,PG,RTX,VZ,WMT,DIS,T,BAC,CVX
2008-06-30 00:00:00,MMM,AA,AXP,AIG,BA,CAT,C,KO,DD,XOM,GE,GM,HPQ,HD,INTC,IBM,JNJ,JPM,MCD,MRK,MSFT,PFE,PG,RTX,VZ,WMT,DIS,T,BAC,CVX
2008-07-14 00:00:00,MMM,AA,AXP,AIG,BA,CAT,C,KO,DD,XOM,GE,GM,HPQ,HD,INTC,IBM,JNJ,JPM,MCD,MRK,MSFT,PFE,PG,RTX,VZ,WMT,DIS,T,BAC,CVX
2008-07-28 00:00:00,MMM,AA,AXP,AIG,BA,CAT,C,KO,DD,XOM,GE,GM,HPQ,HD,INTC,IBM,JNJ,JPM,MCD,MRK,MSFT,PFE,PG,RTX,VZ,WMT,DIS,T,BAC,CVX
2008-08-11 00:00:00,MMM,AA,AXP,AIG,BA,CAT,C,KO,DD,XOM,GE,GM,HPQ,HD,INTC,IBM,JNJ,JPM,MCD,MRK,MSFT,PFE,PG,RTX,VZ,WMT,DIS,T,BAC,CVX
2008-08-25 00:00:00,MMM,AA,AXP,AIG,BA,CAT,C,KO,DD,XOM,GE,GM,HPQ,HD,INTC,IBM,JNJ,JPM,MCD,MRK,MSFT,PFE,PG,RTX,VZ,WMT,DIS,T,BAC,CVX
2008-09-08 00:00:00,MMM,AA,AXP,AIG,BA,CAT,C,KO,DD,XOM,GE,GM,HPQ,HD,INTC,IBM,JNJ,JPM,MCD,MRK,MSFT,PFE,PG,RTX,VZ,WMT,DIS,T,BAC,CVX
2008-09-22 00:00:00,MMM,AA,AXP,AIG,BA,CAT,C,KO,DD,XOM,GE,GM,HPQ,HD,INTC,IBM,JNJ,JPM,MCD,MRK,MSFT,PFE,PG,RTX,VZ,WMT,DIS,T,BAC,CVX
2008-10-06 00:00:00,MMM,AA,AXP,BA,CAT,C,KO,DD,XOM,GE,GM,HPQ,HD,INTC,IBM,JNJ,JPM,MCD,MRK,MSFT,PFE,PG,RTX,VZ,WMT,DIS,T,BAC,CVX,MDLZ
2008-10-20 00:00:00,MMM,AA,AXP,BA,CAT,C,KO,DD,XOM,GE,GM,HPQ,HD,INTC,IBM,JNJ,JPM,MCD,MRK,MSFT,PFE,PG,RTX,VZ,WMT,DIS,T,BAC,CVX,MDLZ
2008-11-03 00:00:00,MMM,AA,AXP,BA,CAT,C,KO,DD,XOM,GE,GM,HPQ,HD,INTC,IBM,JNJ,JPM,MCD,MRK,MSFT,PFE,PG,RTX,VZ,WMT,DIS,T,BAC,CVX,MDLZ
2008-11-17 00:00:00,MMM,AA,AXP,BA,CAT,C,KO,DD,XOM,GE,GM,HPQ,HD,INTC,IBM,JNJ,JPM,MCD,MRK,MSFT,PFE,PG,RTX,VZ,WMT,DIS,T,BAC,CVX,MDLZ
2008-12-01 00:00:00,MMM,AA,AXP,BA,CAT,C,KO,DD,XOM,GE,GM,HPQ,HD,INTC,IBM,JNJ,JPM,MCD,MRK,MSFT,PFE,PG,RTX,VZ,WMT,DIS,T,BAC,CVX,MDLZ
2008-12-15 00:00:00,MMM,AA,AXP,BA,CAT,C,KO,DD,XOM,GE,GM,HPQ,HD,INTC,IBM,JNJ,JPM,MCD,MRK,MSFT,PFE,PG,RTX,VZ,WMT,DIS,T,BAC,CVX,MDLZ
2008-12-29 00:00:00,MMM,AA,AXP,BA,CAT,C,KO,DD,XOM,GE,GM,HPQ,HD,INTC,IBM,JNJ,JPM,MCD,MRK,MSFT,PFE,PG,RTX,VZ,WMT,DIS,T,BAC,CVX,MDLZ
2009-01-12 00:00:00,MMM,AA,AXP,BA,CAT,C,KO,DD,XOM,GE,GM,HPQ,HD,INTC,IBM,JNJ,JPM,MCD,MRK,MSFT,PFE,PG,RTX,VZ,WMT,DIS,T,BAC,CVX,MDLZ
2009-01-26 00:00:00,MMM,AA,AXP,BA,CAT,C,KO,DD,XOM,GE,GM,HPQ,HD,INTC,IBM,JNJ,JPM,MCD,MRK,MSFT,PFE,PG,RTX,VZ,WMT,DIS,T,BAC,CVX,MDLZ
2009-02-09 00:00:00,MMM,AA,AXP,BA,CAT,C,KO,DD,XOM,GE,GM,HPQ,HD,INTC,IBM,JNJ,JPM,MCD,MRK,MSFT,PFE,PG,RTX,VZ,WMT,DIS,T,BAC,CVX,MDLZ
2009-02-23 00:00:00,MMM,AA,AXP,BA,CAT,C,KO,DD,XOM,GE,GM,HPQ,HD,INTC,IBM,JNJ,JPM,MCD,MRK,MSFT,PFE,PG,RTX,VZ,WMT,DIS,T,BAC,CVX,MDLZ
2009-03-09 00:00:00,MMM,AA,AXP,BA,CAT,C,KO,DD,XOM,GE,GM,HPQ,HD,INTC,IBM,JNJ,JPM,MCD,MRK,MSFT,PFE,PG,RTX,VZ,WMT,DIS,T,BAC,CVX,MDLZ
2009-03-23 00:00:00,MMM,AA,AXP,BA,CAT,C,KO,DD,XOM,GE,GM,HPQ,HD,INTC,IBM,JNJ,JPM,MCD,MRK,MSFT,PFE,PG,RTX,VZ,WMT,DIS,T,BAC,CVX,MDLZ
2009-04-06 00:00:00,MMM,AA,AXP,BA,CAT,C,KO,DD,XOM,GE,GM,HPQ,HD,INTC,IBM,JNJ,JPM,MCD,MRK,MSFT,PFE,PG,RTX,VZ,WMT,DIS,T,BAC,CVX,MDLZ
2009-04-20 00:00:00,MMM,AA,AXP,BA,CAT,C,KO,DD,XOM,GE,GM,HPQ,HD,INTC,IBM,JNJ,JPM,MCD,MRK,MSFT,PFE,PG,RTX,VZ,WMT,DIS,T,BAC,CVX,MDLZ
2009-05-04 00:00:00,MMM,AA,AXP,BA,CAT,C,KO,DD,XOM,GE,GM,HPQ,HD,INTC,IBM,JNJ,JPM,MCD,MRK,MSFT,PFE,PG,RTX,VZ,WMT,DIS,T,BAC,CVX,MDLZ
2009-05-18 00:00:00,MMM,AA,AXP,BA,CAT,C,KO,DD,XOM,GE,GM,HPQ,HD,INTC,IBM,JNJ,JPM,MCD,MRK,MSFT,PFE,PG,RTX,VZ,WMT,DIS,T,BAC,CVX,MDLZ
2009-06-01 00:00:00,MMM,AA,AXP,BA,CAT,C,KO,DD,XOM,GE,GM,HPQ,HD,INTC,IBM,JNJ,JPM,MCD,MRK,MSFT,PFE,PG,RTX,VZ,WMT,DIS,T,BAC,CVX,MDLZ
2009-06-15 00:00:00,MMM,AA,AXP,BA,CAT,KO,DD,XOM,GE,HPQ,HD,INTC,IBM,JNJ,JPM,MCD,MRK,MSFT,PFE,PG,RTX,VZ,WMT,DIS,T,BAC,CVX,MDLZ,CSCO,TRV
2009-06-29 00:00:00,MMM,AA,AXP,BA,CAT,KO,DD,XOM,GE,HPQ,HD,INTC,IBM,JNJ,JPM,MCD,MRK,MSFT,PFE,PG,RTX,VZ,WMT,DIS,T,BAC,CVX,MDLZ,CSCO,TRV
2009-07-13 00:00:00,MMM,AA,AXP,BA,CAT,KO,DD,XOM,GE,HPQ,HD,INTC,IBM,JNJ,JPM,MCD,MRK,MSFT,PFE,PG,RTX,VZ,WMT,DIS,T,BAC,CVX,MDLZ,CSCO,TRV
2009-07-27 00:00:00,MMM,AA,AXP,BA,CAT,KO,DD,XOM,GE,HPQ,HD,INTC,IBM,JNJ,JPM,MCD,MRK,MSFT,PFE,PG,RTX,VZ,WMT,DIS,T,BAC,CVX,MDLZ,CSCO,TRV
2009-08-10 00:00:00,MMM,AA,AXP,BA,CAT,KO,DD,XOM,GE,HPQ,HD,INTC,IBM,JNJ,JPM,MCD,MRK,MSFT,PFE,PG,RTX,VZ,WMT,DIS,T,BAC,CVX,MDLZ,CSCO,TRV
2009-08-24 00:00:00,MMM,AA,AXP,BA,CAT,KO,DD,XOM,GE,HPQ,HD,INTC,IBM,JNJ,JPM,MCD,MRK,MSFT,PFE,PG,RTX,VZ,WMT,DIS,T,BAC,CVX,MDLZ,CSCO,TRV
2009-09-07 00:00:00,MMM,AA,AXP,BA,CAT,KO,DD,XOM,GE,HPQ,HD,INTC,IBM,JNJ,JPM,MCD,MRK,MSFT,PFE,PG,RTX,VZ,WMT,DIS,T,BAC,CVX,MDLZ,CSCO,TRV
2009-09-21 00:00:00,MMM,AA,AXP,BA,CAT,KO,DD,XOM,GE,HPQ,HD,INTC,IBM,JNJ,JPM,MCD,MRK,MSFT,PFE,PG,RTX,VZ,WMT,DIS,T,BAC,CVX,MDLZ,CSCO,TRV
2009-10-05 00:00:00,MMM,AA,AXP,BA,CAT,KO,DD,XOM,GE,HPQ,HD,INTC,IBM,JNJ,JPM,MCD,MRK,MSFT,PFE,PG,RTX,VZ,WMT,DIS,T,BAC,CVX,MDLZ,CSCO,TRV
2009-10-19 00:00:00,MMM,AA,AXP,BA,CAT,KO,DD,XOM,GE,HPQ,HD,INTC,IBM,JNJ,JPM,MCD,MRK,MSFT,PFE,PG,RTX,VZ,WMT,DIS,T,BAC,CVX,MDLZ,CSCO,TRV
2009-11-02 00:00:00,MMM,AA,AXP,BA,CAT,KO,DD,XOM,GE,HPQ,HD,INTC,IBM,JNJ,JPM,MCD,MRK,MSFT,PFE,PG,RTX,VZ,WMT,DIS,T,BAC,CVX,MDLZ,CSCO,TRV
2009-11-16 00:00:00,MMM,AA,AXP,BA,CAT,KO,DD,XOM,GE,HPQ,HD,INTC,IBM,JNJ,JPM,MCD,MRK,MSFT,PFE,PG,RTX,VZ,WMT,DIS,T,BAC,CVX,MDLZ,CSCO,TRV
2009-11-30 00:00:00,MMM,AA,AXP,BA,CAT,KO,DD,XOM,GE,HPQ,HD,INTC,IBM,JNJ,JPM,MCD,MRK,MSFT,PFE,PG,RTX,VZ,WMT,DIS,T,BAC,CVX,MDLZ,CSCO,TRV
2009-12-14 00:00:00,MMM,AA,AXP,BA,CAT,KO,DD,XOM,GE,HPQ,HD,INTC,IBM,JNJ,JPM,MCD,MRK,MSFT,PFE,PG,RTX,VZ,WMT,DIS,T,BAC,CVX,MDLZ,CSCO,TRV
2009-12-28 00:00:00,MMM,AA,AXP,BA,CAT,KO,DD,XOM,GE,HPQ,HD,INTC,IBM,JNJ,JPM,MCD,MRK,MSFT,PFE,PG,RTX,VZ,WMT,DIS,T,BAC,CVX,MDLZ,CSCO,TRV
2010-01-11 00:00:00,MMM,AA,AXP,BA,CAT,KO,DD,XOM,GE,HPQ,HD,INTC,IBM,JNJ,JPM,MCD,MRK,MSFT,PFE,PG,RTX,VZ,WMT,DIS,T,BAC,CVX,MDLZ,CSCO,TRV
2010-01-25 00:00:00,MMM,AA,AXP,BA,CAT,KO,DD,XOM,GE,HPQ,HD,INTC,IBM,JNJ,JPM,MCD,MRK,MSFT,PFE,PG,RTX,VZ,WMT,DIS,T,BAC,CVX,MDLZ,CSCO,TRV
2010-02-08 00:00:00,MMM,AA,AXP,BA,CAT,KO,DD,XOM,GE,HPQ,HD,INTC,IBM,JNJ,JPM,MCD,MRK,MSFT,PFE,PG,RTX,VZ,WMT,DIS,T,BAC,CVX,MDLZ,CSCO,TRV
2010-02-22 00:00:00,MMM,AA,AXP,BA,CAT,KO,DD,XOM,GE,HPQ,HD,INTC,IBM,JNJ,JPM,MCD,MRK,MSFT,PFE,PG,RTX,VZ,WMT,DIS,T,BAC,CVX,MDLZ,CSCO,TRV
2010-03-08 00:00:00,MMM,AA,AXP,BA,CAT,KO,DD,XOM,GE,HPQ,HD,INTC,IBM,JNJ,JPM,MCD,MRK,MSFT,PFE,PG,RTX,VZ,WMT,DIS,T,BAC,CVX,MDLZ,CSCO,TRV
2010-03-22 00:00:00,MMM,AA,AXP,BA,CAT,KO,DD,XOM,GE,HPQ,HD,INTC,IBM,JNJ,JPM,MCD,MRK,MSFT,PFE,PG,RTX,VZ,WMT,DIS,T,BAC,CVX,MDLZ,CSCO,TRV
2010-04-05 00:00:00,MMM,AA,AXP,BA,CAT,KO,DD,XOM,GE,HPQ,HD,INTC,IBM,JNJ,JPM,MCD,MRK,MSFT,PFE,PG,RTX,VZ,WMT,DIS,T,BAC,CVX,MDLZ,CSCO,TRV
2010-04-19 00:00:00,MMM,AA,AXP,BA,CAT,KO,DD,XOM,GE,HPQ,HD,INTC,IBM,JNJ,JPM,MCD,MRK,MSFT,PFE,PG,RTX,VZ,WMT,DIS,T,BAC,CVX,MDLZ,CSCO,TRV
2010-05-03 00:00:00,MMM,AA,AXP,BA,CAT,KO,DD,XOM,GE,HPQ,HD,INTC,IBM,JNJ,JPM,MCD,MRK,MSFT,PFE,PG,RTX,VZ,WMT,DIS,T,BAC,CVX,MDLZ,CSCO,TRV
2010-05-17 00:00:00,MMM,AA,AXP,BA,CAT,KO,DD,XOM,GE,HPQ,HD,INTC,IBM,JNJ,JPM,MCD,MRK,MSFT,PFE,PG,RTX,VZ,WMT,DIS,T,BAC,CVX,MDLZ,CSCO,TRV
2010-05-31 00:00:00,MMM,AA,AXP,BA,CAT,KO,DD,XOM,GE,HPQ,HD,INTC,IBM,JNJ,JPM,MCD,MRK,MSFT,PFE,PG,RTX,VZ,WMT,DIS,T,BAC,CVX,MDLZ,CSCO,TRV
2010-06-14 00:00:00,MMM,AA,AXP,BA,CAT,KO,DD,XOM,GE,HPQ,HD,INTC,IBM,JNJ,JPM,MCD,MRK,MSFT,PFE,PG,RTX,VZ,WMT,DIS,T,BAC,CVX,MDLZ,CSCO,TRV
2010-06-28 00:00:00,MMM,AA,AXP,BA,CAT,KO,DD,XOM,GE,HPQ,HD,INTC,IBM,JNJ,JPM,MCD,MRK,MSFT,PFE,PG,RTX,VZ,WMT,DIS,T,BAC,CVX,MDLZ,CSCO,TRV
2010-07-12 00:00:00,MMM,AA,AXP,BA,CAT,KO,DD,XOM,GE,HPQ,HD,INTC,IBM,JNJ,JPM,MCD,MRK,MSFT,PFE,PG,RTX,VZ,WMT,DIS,T,BAC,CVX,MDLZ,CSCO,TRV
2010-07-26 00:00:00,MMM,AA,AXP,BA,CAT,KO,DD,XOM,GE,HPQ,HD,INTC,IBM,JNJ,JPM,MCD,MRK,MSFT,PFE,PG,RTX,VZ,WMT,DIS,T,BAC,CVX,MDLZ,CSCO,TRV
2010-08-09 00:00:00,MMM,AA,AXP,BA,CAT,KO,DD,XOM,GE,HPQ,HD,INTC,IBM,JNJ,JPM,MCD,MRK,MSFT,PFE,PG,RTX,VZ,WMT,DIS,T,BAC,CVX,MDLZ,CSCO,TRV
2010-08-23 00:00:00,MMM,AA,AXP,BA,CAT,KO,DD,XOM,GE,HPQ,HD,INTC,IBM,JNJ,JPM,MCD,MRK,MSFT,PFE,PG,RTX,VZ,WMT,DIS,T,BAC,CVX,MDLZ,CSCO,TRV
2010-09-06 00:00:00,MMM,AA,AXP,BA,CAT,KO,DD,XOM,GE,HPQ,HD,INTC,IBM,JNJ,JPM,MCD,MRK,MSFT,PFE,PG,RTX,VZ,WMT,DIS,T,BAC,CVX,MDLZ,CSCO,TRV
2010-09-20 00:00:00,MMM,AA,AXP,BA,CAT,KO,DD,XOM,GE,HPQ,HD,INTC,IBM,JNJ,JPM,MCD,MRK,MSFT,PFE,PG,RTX,VZ,WMT,DIS,T,BAC,CVX,MDLZ,CSCO,TRV
2010-10-04 00:00:00,MMM,AA,AXP,BA,CAT,KO,DD,XOM,GE,HPQ,HD,INTC,IBM,JNJ,JPM,MCD,MRK,MSFT,PFE,PG,RTX,VZ,WMT,DIS,T,BAC,CVX,MDLZ,CSCO,TRV
2010-10-18 00:00:00,MMM,AA,AXP,BA,CAT,KO,DD,XOM,GE,HPQ,HD,INTC,IBM,JNJ,JPM,MCD,MRK,MSFT,PFE,PG,RTX,VZ,WMT,DIS,T,BAC,CVX,MDLZ,CSCO,TRV
2010-11-01 00:00:00,MMM,AA,AXP,BA,CAT,KO,DD,XOM,GE,HPQ,HD,INTC,IBM,JNJ,JPM,MCD,MRK,MSFT,PFE,PG,RTX,VZ,WMT,DIS,T,BAC,CVX,MDLZ,CSCO,TRV
2010-11-15 00:00:00,MMM,AA,AXP,BA,CAT,KO,DD,XOM,GE,HPQ,HD,INTC,IBM,JNJ,JPM,MCD,MRK,MSFT,PFE,PG,RTX,VZ,WMT,DIS,T,BAC,CVX,MDLZ,CSCO,TRV
2010-11-29 00:00:00,MMM,AA,AXP,BA,CAT,KO,DD,XOM,GE,HPQ,HD,INTC,IBM,JNJ,JPM,MCD,MRK,MSFT,PFE,PG,RTX,VZ,WMT,DIS,T,BAC,CVX,MDLZ,CSCO,TRV
2010-12-13 00:00:00,MMM,AA,AXP,BA,CAT,KO,DD,XOM,GE,HPQ,HD,INTC,IBM,JNJ,JPM,MCD,MRK,MSFT,PFE,PG,RTX,VZ,WMT,DIS,T,BAC,CVX,MDLZ,CSCO,TRV
2010-12-27 00:00:00,MMM,AA,AXP,BA,CAT,KO,DD,XOM,GE,HPQ,HD,INTC,IBM,JNJ,JPM,MCD,MRK,MSFT,PFE,PG,RTX,VZ,WMT,DIS,T,BAC,CVX,MDLZ,CSCO,TRV
2011-01-10 00:00:00,MMM,AA,AXP,BA,CAT,KO,DD,XOM,GE,HPQ,HD,INTC,IBM,JNJ,JPM,MCD,MRK,MSFT,PFE,PG,RTX,VZ,WMT,DIS,T,BAC,CVX,MDLZ,CSCO,TRV
2011-01-24 00:00:00,MMM,AA,AXP,BA,CAT,KO,DD,XOM,GE,HPQ,HD,INTC,IBM,JNJ,JPM,MCD,MRK,MSFT,PFE,PG,RTX,VZ,WMT,DIS,T,BAC,CVX,MDLZ,CSCO,TRV
2011-02-07 00:00:00,MMM,AA,AXP,BA,CAT,KO,DD,XOM,GE,HPQ,HD,INTC,IBM,JNJ,JPM,MCD,MRK,MSFT,PFE,PG,RTX,VZ,WMT,DIS,T,BAC,CVX,MDLZ,CSCO,TRV
2011-02-21 00:00:00,MMM,AA,AXP,BA,CAT,KO,DD,XOM,GE,HPQ,HD,INTC,IBM,JNJ,JPM,MCD,MRK,MSFT,PFE,PG,RTX,VZ,WMT,DIS,T,BAC,CVX,MDLZ,CSCO,TRV
2011-03-07 00:00:00,MMM,AA,AXP,BA,CAT,KO,DD,XOM,GE,HPQ,HD,INTC,IBM,JNJ,JPM,MCD,MRK,MSFT,PFE,PG,RTX,VZ,WMT,DIS,T,BAC,CVX,MDLZ,CSCO,TRV
2011-03-21 00:00:00,MMM,AA,AXP,BA,CAT,KO,DD,XOM,GE,HPQ,HD,INTC,IBM,JNJ,JPM,MCD,MRK,MSFT,PFE,PG,RTX,VZ,WMT,DIS,T,BAC,CVX,MDLZ,CSCO,TRV
2011-04-04 00:00:00,MMM,AA,AXP,BA,CAT,KO,DD,XOM,GE,HPQ,HD,INTC,IBM,JNJ,JPM,MCD,MRK,MSFT,PFE,PG,RTX,VZ,WMT,DIS,T,BAC,CVX,MDLZ,CSCO,TRV
2011-04-18 00:00:00,MMM,AA,AXP,BA,CAT,KO,DD,XOM,GE,HPQ,HD,INTC,IBM,JNJ,JPM,MCD,MRK,MSFT,PFE,PG,RTX,VZ,WMT,DIS,T,BAC,CVX,MDLZ,CSCO,TRV
2011-05-02 00:00:00,MMM,AA,AXP,BA,CAT,KO,DD,XOM,GE,HPQ,HD,INTC,IBM,JNJ,JPM,MCD,MRK,MSFT,PFE,PG,RTX,VZ,WMT,DIS,T,BAC,CVX,MDLZ,CSCO,TRV
2011-05-16 00:00:00,MMM,AA,AXP,BA,CAT,KO,DD,XOM,GE,HPQ,HD,INTC,IBM,JNJ,JPM,MCD,MRK,MSFT,PFE,PG,RTX,VZ,WMT,DIS,T,BAC,CVX,MDLZ,CSCO,TRV
2011-05-30 00:00:00,MMM,AA,AXP,BA,CAT,KO,DD,XOM,GE,HPQ,HD,INTC,IBM,JNJ,JPM,MCD,MRK,MSFT,PFE,PG,RTX,VZ,WMT,DIS,T,BAC,CVX,MDLZ,CSCO,TRV
2011-06-13 00:00:00,MMM,AA,AXP,BA,CAT,KO,DD,XOM,GE,HPQ,HD,INTC,IBM,JNJ,JPM,MCD,MRK,MSFT,PFE,PG,RTX,VZ,WMT,DIS,T,BAC,CVX,MDLZ,CSCO,TRV
2011-06-27 00:00:00,MMM,AA,AXP,BA,CAT,KO,DD,XOM,GE,HPQ,HD,INTC,IBM,JNJ,JPM,MCD,MRK,MSFT,PFE,PG,RTX,VZ,WMT,DIS,T,BAC,CVX,MDLZ,CSCO,TRV
2011-07-11 00:00:00,MMM,AA,AXP,BA,CAT,KO,DD,XOM,GE,HPQ,HD,INTC,IBM,JNJ,JPM,MCD,MRK,MSFT,PFE,PG,RTX,VZ,WMT,DIS,T,BAC,CVX,MDLZ,CSCO,TRV
2011-07-25 00:00:00,MMM,AA,AXP,BA,CAT,KO,DD,XOM,GE,HPQ,HD,INTC,IBM,JNJ,JPM,MCD,MRK,MSFT,PFE,PG,RTX,VZ,WMT,DIS,T,BAC,CVX,MDLZ,CSCO,TRV
2011-08-08 00:00:00,MMM,AA,AXP,BA,CAT,KO,DD,XOM,GE,HPQ,HD,INTC,IBM,JNJ,JPM,MCD,MRK,MSFT,PFE,PG,RTX,VZ,WMT,DIS,T,BAC,CVX,MDLZ,CSCO,TRV
2011-08-22 00:00:00,MMM,AA,AXP,BA,CAT,KO,DD,XOM,GE,HPQ,HD,INTC,IBM,JNJ,JPM,MCD,MRK,MSFT,PFE,PG,RTX,VZ,WMT,DIS,T,BAC,CVX,MDLZ,CSCO,TRV
2011-09-05 00:00:00,MMM,AA,AXP,BA,CAT,KO,DD,XOM,GE,HPQ,HD,INTC,IBM,JNJ,JPM,MCD,MRK,MSFT,PFE,PG,RTX,VZ,WMT,DIS,T,BAC,CVX,MDLZ,CSCO,TRV
2011-09-19 00:00:00,MMM,AA,AXP,BA,CAT,KO,DD,XOM,GE,HPQ,HD,INTC,IBM,JNJ,JPM,MCD,MRK,MSFT,PFE,PG,RTX,VZ,WMT,DIS,T,BAC,CVX,MDLZ,CSCO,TRV
2011-10-03 00:00:00,MMM,AA,AXP,BA,CAT,KO,DD,XOM,GE,HPQ,HD,INTC,IBM,JNJ,JPM,MCD,MRK,MSFT,PFE,PG,RTX,VZ,WMT,DIS,T,BAC,CVX,MDLZ,CSCO,TRV
2011-10-17 00:00:00,MMM,AA,AXP,BA,CAT,KO,DD,XOM,GE,HPQ,HD,INTC,IBM,JNJ,JPM,MCD,MRK,MSFT,PFE,PG,RTX,VZ,WMT,DIS,T,BAC,CVX,MDLZ,CSCO,TRV
2011-10-31 00:00:00,MMM,AA,AXP,BA,CAT,KO,DD,XOM,GE,HPQ,HD,INTC,IBM,JNJ,JPM,MCD,MRK,MSFT,PFE,PG,RTX,VZ,WMT,DIS,T,BAC,CVX,MDLZ,CSCO,TRV
2011-11-14 00:00:00,MMM,AA,AXP,BA,CAT,KO,DD,XOM,GE,HPQ,HD,INTC,IBM,JNJ,JPM,MCD,MRK,MSFT,PFE,PG,RTX,VZ,WMT,DIS,T,BAC,CVX,MDLZ,CSCO,TRV
2011-11-28 00:00:00,MMM,AA,AXP,BA,CAT,KO,DD,XOM,GE,HPQ,HD,INTC,IBM,JNJ,JPM,MCD,MRK,MSFT,PFE,PG,RTX,VZ,WMT,DIS,T,BAC,CVX,MDLZ,CSCO,TRV
2011-12-12 00:00:00,MMM,AA,AXP,BA,CAT,KO,DD,XOM,GE,HPQ,HD,INTC,IBM,JNJ,JPM,MCD,MRK,MSFT,PFE,PG,RTX,VZ,WMT,DIS,T,BAC,CVX,MDLZ,CSCO,TRV
2011-12-26 00:00:00,MMM,AA,AXP,BA,CAT,KO,DD,XOM,GE,HPQ,HD,INTC,IBM,JNJ,JPM,MCD,MRK,MSFT,PFE,PG,RTX,VZ,WMT,DIS,T,BAC,CVX,MDLZ,CSCO,TRV
2012-01-09 00:00:00,MMM,AA,AXP,BA,CAT,KO,DD,XOM,GE,HPQ,HD,INTC,IBM,JNJ,JPM,MCD,MRK,MSFT,PFE,PG,RTX,VZ,WMT,DIS,T,BAC,CVX,MDLZ,CSCO,TRV
2012-01-23 00:00:00,MMM,AA,AXP,BA,CAT,KO,DD,XOM,GE,HPQ,HD,INTC,IBM,JNJ,JPM,MCD,MRK,MSFT,PFE,PG,RTX,VZ,WMT,DIS,T,BAC,CVX,MDLZ,CSCO,TRV
2012-02-06 00:00:00,MMM,AA,AXP,BA,CAT,KO,DD,XOM,GE,HPQ,HD,INTC,IBM,JNJ,JPM,MCD,MRK,MSFT,PFE,PG,RTX,VZ,WMT,DIS,T,BAC,CVX,MDLZ,CSCO,TRV
2012-02-20 00:00:00,MMM,AA,AXP,BA,CAT,KO,DD,XOM,GE,HPQ,HD,INTC,IBM,JNJ,JPM,MCD,MRK,MSFT,PFE,PG,RTX,VZ,WMT,DIS,T,BAC,CVX,MDLZ,CSCO,TRV
2012-03-05 00:00:00,MMM,AA,AXP,BA,CAT,KO,DD,XOM,GE,HPQ,HD,INTC,IBM,JNJ,JPM,MCD,MRK,MSFT,PFE,PG,RTX,VZ,WMT,DIS,T,BAC,CVX,MDLZ,CSCO,TRV
2012-03-19 00:00:00,MMM,AA,AXP,BA,CAT,KO,DD,XOM,GE,HPQ,HD,INTC,IBM,JNJ,JPM,MCD,MRK,MSFT,PFE,PG,RTX,VZ,WMT,DIS,T,BAC,CVX,MDLZ,CSCO,TRV
2012-04-02 00:00:00,MMM,AA,AXP,BA,CAT,KO,DD,XOM,GE,HPQ,HD,INTC,IBM,JNJ,JPM,MCD,MRK,MSFT,PFE,PG,RTX,VZ,WMT,DIS,T,BAC,CVX,MDLZ,CSCO,TRV
2012-04-16 00:00:00,MMM,AA,AXP,BA,CAT,KO,DD,XOM,GE,HPQ,HD,INTC,IBM,JNJ,JPM,MCD,MRK,MSFT,PFE,PG,RTX,VZ,WMT,DIS,T,BAC,CVX,MDLZ,CSCO,TRV
2012-04-30 00:00:00,MMM,AA,AXP,BA,CAT,KO,DD,XOM,GE,HPQ,HD,INTC,IBM,JNJ,JPM,MCD,MRK,MSFT,PFE,PG,RTX,VZ,WMT,DIS,T,BAC,CVX,MDLZ,CSCO,TRV
2012-05-14 00:00:00,MMM,AA,AXP,BA,CAT,KO,DD,XOM,GE,HPQ,HD,INTC,IBM,JNJ,JPM,MCD,MRK,MSFT,PFE,PG,RTX,VZ,WMT,DIS,T,BAC,CVX,MDLZ,CSCO,TRV
2012-05-28 00:00:00,MMM,AA,AXP,BA,CAT,KO,DD,XOM,GE,HPQ,HD,INTC,IBM,JNJ,JPM,MCD,MRK,MSFT,PFE,PG,RTX,VZ,WMT,DIS,T,BAC,CVX,MDLZ,CSCO,TRV
2012-06-11 00:00:00,MMM,AA,AXP,BA,CAT,KO,DD,XOM,GE,HPQ,HD,INTC,IBM,JNJ,JPM,MCD,MRK,MSFT,PFE,PG,RTX,VZ,WMT,DIS,T,BAC,CVX,MDLZ,CSCO,TRV
2012-06-25 00:00:00,MMM,AA,AXP,BA,CAT,KO,DD,XOM,GE,HPQ,HD,INTC,IBM,JNJ,JPM,MCD,MRK,MSFT,PFE,PG,RTX,VZ,WMT,DIS,T,BAC,CVX,MDLZ,CSCO,TRV
2012-07-09 00:00:00,MMM,AA,AXP,BA,CAT,KO,DD,XOM,GE,HPQ,HD,INTC,IBM,JNJ,JPM,MCD,MRK,MSFT,PFE,PG,RTX,VZ,WMT,DIS,T,BAC,CVX,MDLZ,CSCO,TRV
2012-07-23 00:00:00,MMM,AA,AXP,BA,CAT,KO,DD,XOM,GE,HPQ,HD,INTC,IBM,JNJ,JPM,MCD,MRK,MSFT,PFE,PG,RTX,VZ,WMT,DIS,T,BAC,CVX,MDLZ,CSCO,TRV
2012-08-06 00:00:00,MMM,AA,AXP,BA,CAT,KO,DD,XOM,GE,HPQ,HD,INTC,IBM,JNJ,JPM,MCD,MRK,MSFT,PFE,PG,RTX,VZ,WMT,DIS,T,BAC,CVX,MDLZ,CSCO,TRV
2012-08-20 00:00:00,MMM,AA,AXP,BA,CAT,KO,DD,XOM,GE,HPQ,HD,INTC,IBM,JNJ,JPM,MCD,MRK,MSFT,PFE,PG,RTX,VZ,WMT,DIS,T,BAC,CVX,MDLZ,CSCO,TRV
2012-09-03 00:00:00,MMM,AA,AXP,BA,CAT,KO,DD,XOM,GE,HPQ,HD,INTC,IBM,JNJ,JPM,MCD,MRK,MSFT,PFE,PG,RTX,VZ,WMT,DIS,T,BAC,CVX,MDLZ,CSCO,TRV
2012-09-17 00:00:00,MMM,AA,AXP,BA,CAT,KO,DD,XOM,GE,HPQ,HD,INTC,IBM,JNJ,JPM,MCD,MRK,MSFT,PFE,PG,RTX,VZ,WMT,DIS,T,BAC,CVX,MDLZ,CSCO,TRV
2012-10-01 00:00:00,MMM,AA,AXP,BA,CAT,KO,DD,XOM,GE,HPQ,HD,INTC,IBM,JNJ,JPM,MCD,MRK,MSFT,PFE,PG,RTX,VZ,WMT,DIS,T,BAC,CVX,CSCO,TRV,UNH
2012-10-15 00:00:00,MMM,AA,AXP,BA,CAT,KO,DD,XOM,GE,HPQ,HD,INTC,IBM,JNJ,JPM,MCD,MRK,MSFT,PFE,PG,RTX,VZ,WMT,DIS,T,BAC,CVX,CSCO,TRV,UNH
2012-10-29 00:00:00,MMM,AA,AXP,BA,CAT,KO,DD,XOM,GE,HPQ,HD,INTC,IBM,JNJ,JPM,MCD,MRK,MSFT,PFE,PG,RTX,VZ,WMT,DIS,T,BAC,CVX,CSCO,TRV,UNH
2012-11-12 00:00:00,MMM,AA,AXP,BA,CAT,KO,DD,XOM,GE,HPQ,HD,INTC,IBM,JNJ,JPM,MCD,MRK,MSFT,PFE,PG,RTX,VZ,WMT,DIS,T,BAC,CVX,CSCO,TRV,UNH
2012-11-26 00:00:00,MMM,AA,AXP,BA,CAT,KO,DD,XOM,GE,HPQ,HD,INTC,IBM,JNJ,JPM,MCD,MRK,MSFT,PFE,PG,RTX,VZ,WMT,DIS,T,BAC,CVX,CSCO,TRV,UNH
2012-12-10 00:00:00,MMM,AA,AXP,BA,CAT,KO,DD,XOM,GE,HPQ,HD,INTC,IBM,JNJ,JPM,MCD,MRK,MSFT,PFE,PG,RTX,VZ,WMT,DIS,T,BAC,CVX,CSCO,TRV,UNH
2012-12-24 00:00:00,MMM,AA,AXP,BA,CAT,KO,DD,XOM,GE,HPQ,HD,INTC,IBM,JNJ,JPM,MCD,MRK,MSFT,PFE,PG,RTX,VZ,WMT,DIS,T,BAC,CVX,CSCO,TRV,UNH
2013-01-07 00:00:00,MMM,AA,AXP,BA,CAT,KO,DD,XOM,GE,HPQ,HD,INTC,IBM,JNJ,JPM,MCD,MRK,MSFT,PFE,PG,RTX,VZ,WMT,DIS,T,BAC,CVX,CSCO,TRV,UNH
2013-01-21 00:00:00,MMM,AA,AXP,BA,CAT,KO,DD,XOM,GE,HPQ,HD,INTC,IBM,JNJ,JPM,MCD,MRK,MSFT,PFE,PG,RTX,VZ,WMT,DIS,T,BAC,CVX,CSCO,TRV,UNH
2013-02-04 00:00:00,MMM,AA,AXP,BA,CAT,KO,DD,XOM,GE,HPQ,HD,INTC,IBM,JNJ,JPM,MCD,MRK,MSFT,PFE,PG,RTX,VZ,WMT,DIS,T,BAC,CVX,CSCO,TRV,UNH
2013-02-18 00:00:00,MMM,AA,AXP,BA,CAT,KO,DD,XOM,GE,HPQ,HD,INTC,IBM,JNJ,JPM,MCD,MRK,MSFT,PFE,PG,RTX,VZ,WMT,DIS,T,BAC,CVX,CSCO,TRV,UNH
2013-03-04 00:00:00,MMM,AA,AXP,BA,CAT,KO,DD,XOM,GE,HPQ,HD,INTC,IBM,JNJ,JPM,MCD,MRK,MSFT,PFE,PG,RTX,VZ,WMT,DIS,T,BAC,CVX,CSCO,TRV,UNH
2013-03-18 00:00:00,MMM,AA,AXP,BA,CAT,KO,DD,XOM,GE,HPQ,HD,INTC,IBM,JNJ,JPM,MCD,MRK,MSFT,PFE,PG,RTX,VZ,WMT,DIS,T,BAC,CVX,CSCO,TRV,UNH
2013-04-01 00:00:00,MMM,AA,AXP,BA,CAT,KO,DD,XOM,GE,HPQ,HD,INTC,IBM,JNJ,JPM,MCD,MRK,MSFT,PFE,PG,RTX,VZ,WMT,DIS,T,BAC,CVX,CSCO,TRV,UNH
2013-04-15 00:00:00,MMM,AA,AXP,BA,CAT,KO,DD,XOM,GE,HPQ,HD,INTC,IBM,JNJ,JPM,MCD,MRK,MSFT,PFE,PG,RTX,VZ,WMT,DIS,T,BAC,CVX,CSCO,TRV,UNH
2013-04-29 00:00:00,MMM,AA,AXP,BA,CAT,KO,DD,XOM,GE,HPQ,HD,INTC,IBM,JNJ,JPM,MCD,MRK,MSFT,PFE,PG,RTX,VZ,WMT,DIS,T,BAC,CVX,CSCO,TRV,UNH
2013-05-13 00:00:00,MMM,AA,AXP,BA,CAT,KO,DD,XOM,GE,HPQ,HD,INTC,IBM,JNJ,JPM,MCD,MRK,MSFT,PFE,PG,RTX,VZ,WMT,DIS,T,BAC,CVX,CSCO,TRV,UNH
2013-05-27 00:00:00,MMM,AA,AXP,BA,CAT,KO,DD,XOM,GE,HPQ,HD,INTC,IBM,JNJ,JPM,MCD,MRK,MSFT,PFE,PG,RTX,VZ,WMT,DIS,T,BAC,CVX,CSCO,TRV,UNH
2013-06-10 00:00:00,MMM,AA,AXP,BA,CAT,KO,DD,XOM,GE,HPQ,HD,INTC,IBM,JNJ,JPM,MCD,MRK,MSFT,PFE,PG,RTX,VZ,WMT,DIS,T,BAC,CVX,CSCO,TRV,UNH
2013-06-24 00:00:00,MMM,AA,AXP,BA,CAT,KO,DD,XOM,GE,HPQ,HD,INTC,IBM,JNJ,JPM,MCD,MRK,MSFT,PFE,PG,RTX,VZ,WMT,DIS,T,BAC,CVX,CSCO,TRV,UNH
2013-07-08 00:00:00,MMM,AA,AXP,BA,CAT,KO,DD,XOM,GE,HPQ,HD,INTC,IBM,JNJ,JPM,MCD,MRK,MSFT,PFE,PG,RTX,VZ,WMT,DIS,T,BAC,CVX,CSCO,TRV,UNH
2013-07-22 00:00:00,MMM,AA,AXP,BA,CAT,KO,DD,XOM,GE,HPQ,HD,INTC,IBM,JNJ,JPM,MCD,MRK,MSFT,PFE,PG,RTX,VZ,WMT,DIS,T,BAC,CVX,CSCO,TRV,UNH
2013-08-05 00:00:00,MMM,AA,AXP,BA,CAT,KO,DD,XOM,GE,HPQ,HD,INTC,IBM,JNJ,JPM,MCD,MRK,MSFT,PFE,PG,RTX,VZ,WMT,DIS,T,BAC,CVX,CSCO,TRV,UNH
2013-08-19 00:00:00,MMM,AA,AXP,BA,CAT,KO,DD,XOM,GE,HPQ,HD,INTC,IBM,JNJ,JPM,MCD,MRK,MSFT,PFE,PG,RTX,VZ,WMT,DIS,T,BAC,CVX,CSCO,TRV,UNH
2013-09-02 00:00:00,MMM,AA,AXP,BA,CAT,KO,DD,XOM,GE,HPQ,HD,INTC,IBM,JNJ,JPM,MCD,MRK,MSFT,PFE,PG,RTX,VZ,WMT,DIS,T,BAC,CVX,CSCO,TRV,UNH
2013-09-16 00:00:00,MMM,AA,AXP,BA,CAT,KO,DD,XOM,GE,HPQ,HD,INTC,IBM,JNJ,JPM,MCD,MRK,MSFT,PFE,PG,RTX,VZ,WMT,DIS,T,BAC,CVX,CSCO,TRV,UNH
2013-09-30 00:00:00,MMM,AXP,BA,CAT,KO,DD,XOM,GE,HD,INTC,IBM,JNJ,JPM,MCD,MRK,MSFT,PFE,PG,RTX,VZ,WMT,DIS,T,CVX,CSCO,TRV,UNH,NKE,GS,V
2013-10-14 00:00:00,MMM,AXP,BA,CAT,KO,DD,XOM,GE,HD,INTC,IBM,JNJ,JPM,MCD,MRK,MSFT,PFE,PG,RTX,VZ,WMT,DIS,T,CVX,CSCO,TRV,UNH,NKE,GS,V
2013-10-28 00:00:00,MMM,AXP,BA,CAT,KO,DD,XOM,GE,HD,INTC,IBM,JNJ,JPM,MCD,MRK,MSFT,PFE,PG,RTX,VZ,WMT,DIS,T,CVX,CSCO,TRV,UNH,NKE,GS,V
2013-11-11 00:00:00,MMM,AXP,BA,CAT,KO,DD,XOM,GE,HD,INTC,IBM,JNJ,JPM,MCD,MRK,MSFT,PFE,PG,RTX,VZ,WMT,DIS,T,CVX,CSCO,TRV,UNH,NKE,GS,V
2013-11-25 00:00:00,MMM,AXP,BA,CAT,KO,DD,XOM,GE,HD,INTC,IBM,JNJ,JPM,MCD,MRK,MSFT,PFE,PG,RTX,VZ,WMT,DIS,T,CVX,CSCO,TRV,UNH,NKE,GS,V
2013-12-09 00:00:00,MMM,AXP,BA,CAT,KO,DD,XOM,GE,HD,INTC,IBM,JNJ,JPM,MCD,MRK,MSFT,PFE,PG,RTX,VZ,WMT,DIS,T,CVX,CSCO,TRV,UNH,NKE,GS,V
2013-12-23 00:00:00,MMM,AXP,BA,CAT,KO,DD,XOM,GE,HD,INTC,IBM,JNJ,JPM,MCD,MRK,MSFT,PFE,PG,RTX,VZ,WMT,DIS,T,CVX,CSCO,TRV,UNH,NKE,GS,V
2014-01-06 00:00:00,MMM,AXP,BA,CAT,KO,DD,XOM,GE,HD,INTC,IBM,JNJ,JPM,MCD,MRK,MSFT,PFE,PG,RTX,VZ,WMT,DIS,T,CVX,CSCO,TRV,UNH,NKE,GS,V
2014-01-20 00:00:00,MMM,AXP,BA,CAT,KO,DD,XOM,GE,HD,INTC,IBM,JNJ,JPM,MCD,MRK,MSFT,PFE,PG,RTX,VZ,WMT,DIS,T,CVX,CSCO,TRV,UNH,NKE,GS,V
2014-02-03 00:00:00,MMM,AXP,BA,CAT,KO,DD,XOM,GE,HD,INTC,IBM,JNJ,JPM,MCD,MRK,MSFT,PFE,PG,RTX,VZ,WMT,DIS,T,CVX,CSCO,TRV,UNH,NKE,GS,V
2014-02-17 00:00:00,MMM,AXP,BA,CAT,KO,DD,XOM,GE,HD,INTC,IBM,JNJ,JPM,MCD,MRK,MSFT,PFE,PG,RTX,VZ,WMT,DIS,T,CVX,CSCO,TRV,UNH,NKE,GS,V
2014-03-03 00:00:00,MMM,AXP,BA,CAT,KO,DD,XOM,GE,HD,INTC,IBM,JNJ,JPM,MCD,MRK,MSFT,PFE,PG,RTX,VZ,WMT,DIS,T,CVX,CSCO,TRV,UNH,NKE,GS,V
2014-03-17 00:00:00,MMM,AXP,BA,CAT,KO,DD,XOM,GE,HD,INTC,IBM,JNJ,JPM,MCD,MRK,MSFT,PFE,PG,RTX,VZ,WMT,DIS,T,CVX,CSCO,TRV,UNH,NKE,GS,V
2014-03-31 00:00:00,MMM,AXP,BA,CAT,KO,DD,XOM,GE,HD,INTC,IBM,JNJ,JPM,MCD,MRK,MSFT,PFE,PG,RTX,VZ,WMT,DIS,T,CVX,CSCO,TRV,UNH,NKE,GS,V
2014-04-14 00:00:00,MMM,AXP,BA,CAT,KO,DD,XOM,GE,HD,INTC,IBM,JNJ,JPM,MCD,MRK,MSFT,PFE,PG,RTX,VZ,WMT,DIS,T,CVX,CSCO,TRV,UNH,NKE,GS,V
2014-04-28 00:00:00,MMM,AXP,BA,CAT,KO,DD,XOM,GE,HD,INTC,IBM,JNJ,JPM,MCD,MRK,MSFT,PFE,PG,RTX,VZ,WMT,DIS,T,CVX,CSCO,TRV,UNH,NKE,GS,V
2014-05-12 00:00:00,MMM,AXP,BA,CAT,KO,DD,XOM,GE,HD,INTC,IBM,JNJ,JPM,MCD,MRK,MSFT,PFE,PG,RTX,VZ,WMT,DIS,T,CVX,CSCO,TRV,UNH,NKE,GS,V
2014-05-26 00:00:00,MMM,AXP,BA,CAT,KO,DD,XOM,GE,HD,INTC,IBM,JNJ,JPM,MCD,MRK,MSFT,PFE,PG,RTX,VZ,WMT,DIS,T,CVX,CSCO,TRV,UNH,NKE,GS,V
2014-06-09 00:00:00,MMM,AXP,BA,CAT,KO,DD,XOM,GE,HD,INTC,IBM,JNJ,JPM,MCD,MRK,MSFT,PFE,PG,RTX,VZ,WMT,DIS,T,CVX,CSCO,TRV,UNH,NKE,GS,V
2014-06-23 00:00:00,MMM,AXP,BA,CAT,KO,DD,XOM,GE,HD,INTC,IBM,JNJ,JPM,MCD,MRK,MSFT,PFE,PG,RTX,VZ,WMT,DIS,T,CVX,CSCO,TRV,UNH,NKE,GS,V
2014-07-07 00:00:00,MMM,AXP,BA,CAT,KO,DD,XOM,GE,HD,INTC,IBM,JNJ,JPM,MCD,MRK,MSFT,PFE,PG,RTX,VZ,WMT,DIS,T,CVX,CSCO,TRV,UNH,NKE,GS,V
2014-07-21 00:00:00,MMM,AXP,BA,CAT,KO,DD,XOM,GE,HD,INTC,IBM,JNJ,JPM,MCD,MRK,MSFT,PFE,PG,RTX,VZ,WMT,DIS,T,CVX,CSCO,TRV,UNH,NKE,GS,V
2014-08-04 00:00:00,MMM,AXP,BA,CAT,KO,DD,XOM,GE,HD,INTC,IBM,JNJ,JPM,MCD,MRK,MSFT,PFE,PG,RTX,VZ,WMT,DIS,T,CVX,CSCO,TRV,UNH,NKE,GS,V
2014-08-18 00:00:00,MMM,AXP,BA,CAT,KO,DD,XOM,GE,HD,INTC,IBM,JNJ,JPM,MCD,MRK,MSFT,PFE,PG,RTX,VZ,WMT,DIS,T,CVX,CSCO,TRV,UNH,NKE,GS,V
2014-09-01 00:00:00,MMM,AXP,BA,CAT,KO,DD,XOM,GE,HD,INTC,IBM,JNJ,JPM,MCD,MRK,MSFT,PFE,PG,RTX,VZ,WMT,DIS,T,CVX,CSCO,TRV,UNH,NKE,GS,V
2014-09-15 00:00:00,MMM,AXP,BA,CAT,KO,DD,XOM,GE,HD,INTC,IBM,JNJ,JPM,MCD,MRK,MSFT,PFE,PG,RTX,VZ,WMT,DIS,T,CVX,CSCO,TRV,UNH,NKE,GS,V
2014-09-29 00:00:00,MMM,AXP,BA,CAT,KO,DD,XOM,GE,HD,INTC,IBM,JNJ,JPM,MCD,MRK,MSFT,PFE,PG,RTX,VZ,WMT,DIS,T,CVX,CSCO,TRV,UNH,NKE,GS,V
2014-10-13 00:00:00,MMM,AXP,BA,CAT,KO,DD,XOM,GE,HD,INTC,IBM,JNJ,JPM,MCD,MRK,MSFT,PFE,PG,RTX,VZ,WMT,DIS,T,CVX,CSCO,TRV,UNH,NKE,GS,V
2014-10-27 00:00:00,MMM,AXP,BA,CAT,KO,DD,XOM,GE,HD,INTC,IBM,JNJ,JPM,MCD,MRK,MSFT,PFE,PG,RTX,VZ,WMT,DIS,T,CVX,CSCO,TRV,UNH,NKE,GS,V
2014-11-10 00:00:00,MMM,AXP,BA,CAT,KO,DD,XOM,GE,HD,INTC,IBM,JNJ,JPM,MCD,MRK,MSFT,PFE,PG,RTX,VZ,WMT,DIS,T,CVX,CSCO,TRV,UNH,NKE,GS,V
2014-11-24 00:00:00,MMM,AXP,BA,CAT,KO,DD,XOM,GE,HD,INTC,IBM,JNJ,JPM,MCD,MRK,MSFT,PFE,PG,RTX,VZ,WMT,DIS,T,CVX,CSCO,TRV,UNH,NKE,GS,V
2014-12-08 00:00:00,MMM,AXP,BA,CAT,KO,DD,XOM,GE,HD,INTC,IBM,JNJ,JPM,MCD,MRK,MSFT,PFE,PG,RTX,VZ,WMT,DIS,T,CVX,CSCO,TRV,UNH,NKE,GS,V
2014-12-22 00:00:00,MMM,AXP,BA,CAT,KO,DD,XOM,GE,HD,INTC,IBM,JNJ,JPM,MCD,MRK,MSFT,PFE,PG,RTX,VZ,WMT,DIS,T,CVX,CSCO,TRV,UNH,NKE,GS,V
2015-01-05 00:00:00,MMM,AXP,BA,CAT,KO,DD,XOM,GE,HD,INTC,IBM,JNJ,JPM,MCD,MRK,MSFT,PFE,PG,RTX,VZ,WMT,DIS,T,CVX,CSCO,TRV,UNH,NKE,GS,V
2015-01-19 00:00:00,MMM,AXP,BA,CAT,KO,DD,XOM,GE,HD,INTC,IBM,JNJ,JPM,MCD,MRK,MSFT,PFE,PG,RTX,VZ,WMT,DIS,T,CVX,CSCO,TRV,UNH,NKE,GS,V
2015-02-02 00:00:00,MMM,AXP,BA,CAT,KO,DD,XOM,GE,HD,INTC,IBM,JNJ,JPM,MCD,MRK,MSFT,PFE,PG,RTX,VZ,WMT,DIS,T,CVX,CSCO,TRV,UNH,NKE,GS,V
2015-02-16 00:00:00,MMM,AXP,BA,CAT,KO,DD,XOM,GE,HD,INTC,IBM,JNJ,JPM,MCD,MRK,MSFT,PFE,PG,RTX,VZ,WMT,DIS,T,CVX,CSCO,TRV,UNH,NKE,GS,V
2015-03-02 00:00:00,MMM,AXP,BA,CAT,KO,DD,XOM,GE,HD,INTC,IBM,JNJ,JPM,MCD,MRK,MSFT,PFE,PG,RTX,VZ,WMT,DIS,T,CVX,CSCO,TRV,UNH,NKE,GS,V
2015-03-16 00:00:00,MMM,AXP,BA,CAT,KO,DD,XOM,GE,HD,INTC,IBM,JNJ,JPM,MCD,MRK,MSFT,PFE,PG,RTX,VZ,WMT,DIS,T,CVX,CSCO,TRV,UNH,NKE,GS,V
2015-03-30 00:00:00,MMM,AXP,BA,CAT,KO,DD,XOM,GE,HD,INTC,IBM,JNJ,JPM,MCD,MRK,MSFT,PFE,PG,RTX,VZ,WMT,DIS,CVX,CSCO,TRV,UNH,NKE,GS,V,AAPL
2015-04-13 00:00:00,MMM,AXP,BA,CAT,KO,DD,XOM,GE,HD,INTC,IBM,JNJ,JPM,MCD,MRK,MSFT,PFE,PG,RTX,VZ,WMT,DIS,CVX,CSCO,TRV,UNH,NKE,GS,V,AAPL
2015-04-27 00:00:00,MMM,AXP,BA,CAT,KO,DD,XOM,GE,HD,INTC,IBM,JNJ,JPM,MCD,MRK,MSFT,PFE,PG,RTX,VZ,WMT,DIS,CVX,CSCO,TRV,UNH,NKE,GS,V,AAPL
2015-05-11 00:00:00,MMM,AXP,BA,CAT,KO,DD,XOM,GE,HD,INTC,IBM,JNJ,JPM,MCD,MRK,MSFT,PFE,PG,RTX,VZ,WMT,DIS,CVX,CSCO,TRV,UNH,NKE,GS,V,AAPL
2015-05-25 00:00:00,MMM,AXP,BA,CAT,KO,DD,XOM,GE,HD,INTC,IBM,JNJ,JPM,MCD,MRK,MSFT,PFE,PG,RTX,VZ,WMT,DIS,CVX,CSCO,TRV,UNH,NKE,GS,V,AAPL
2015-06-08 00:00:00,MMM,AXP,BA,CAT,KO,DD,XOM,GE,HD,INTC,IBM,JNJ,JPM,MCD,MRK,MSFT,PFE,PG,RTX,VZ,WMT,DIS,CVX,CSCO,TRV,UNH,NKE,GS,V,AAPL
2015-06-22 00:00:00,MMM,AXP,BA,CAT,KO,DD,XOM,GE,HD,INTC,IBM,JNJ,JPM,MCD,MRK,MSFT,PFE,PG,RTX,VZ,WMT,DIS,CVX,CSCO,TRV,UNH,NKE,GS,V,AAPL
2015-07-06 00:00:00,MMM,AXP,BA,CAT,KO,DD,XOM,GE,HD,INTC,IBM,JNJ,JPM,MCD,MRK,MSFT,PFE,PG,RTX,VZ,WMT,DIS,CVX,CSCO,TRV,UNH,NKE,GS,V,AAPL
2015-07-20 00:00:00,MMM,AXP,BA,CAT,KO,DD,XOM,GE,HD,INTC,IBM,JNJ,JPM,MCD,MRK,MSFT,PFE,PG,RTX,VZ,WMT,DIS,CVX,CSCO,TRV,UNH,NKE,GS,V,AAPL
2015-08-03 00:00:00,MMM,AXP,BA,CAT,KO,DD,XOM,GE,HD,INTC,IBM,JNJ,JPM,MCD,MRK,MSFT,PFE,PG,RTX,VZ,WMT,DIS,CVX,CSCO,TRV,UNH,NKE,GS,V,AAPL
2015-08-17 00:00:00,MMM,AXP,BA,CAT,KO,DD,XOM,GE,HD,INTC,IBM,JNJ,JPM,MCD,MRK,MSFT,PFE,PG,RTX,VZ,WMT,DIS,CVX,CSCO,TRV,UNH,NKE,GS,V,AAPL
2015-08-31 00:00:00,MMM,AXP,BA,CAT,KO,DD,XOM,GE,HD,INTC,IBM,JNJ,JPM,MCD,MRK,MSFT,PFE,PG,RTX,VZ,WMT,DIS,CVX,CSCO,TRV,UNH,NKE,GS,V,AAPL
2015-09-14 00:00:00,MMM,AXP,BA,CAT,KO,DD,XOM,GE,HD,INTC,IBM,JNJ,JPM,MCD,MRK,MSFT,PFE,PG,RTX,VZ,WMT,DIS,CVX,CSCO,TRV,UNH,NKE,GS,V,AAPL
2015-09-28 00:00:00,MMM,AXP,BA,CAT,KO,DD,XOM,GE,HD,INTC,IBM,JNJ,JPM,MCD,MRK,MSFT,PFE,PG,RTX,VZ,WMT,DIS,CVX,CSCO,TRV,UNH,NKE,GS,V,AAPL
2015-10-12 00:00:00,MMM,AXP,BA,CAT,KO,DD,XOM,GE,HD,INTC,IBM,JNJ,JPM,MCD,MRK,MSFT,PFE,PG,RTX,VZ,WMT,DIS,CVX,CSCO,TRV,UNH,NKE,GS,V,AAPL
2015-10-26 00:00:00,MMM,AXP,BA,CAT,KO,DD,XOM,GE,HD,INTC,IBM,JNJ,JPM,MCD,MRK,MSFT,PFE,PG,RTX,VZ,WMT,DIS,CVX,CSCO,TRV,UNH,NKE,GS,V,AAPL
2015-11-09 00:00:00,MMM,AXP,BA,CAT,KO,DD,XOM,GE,HD,INTC,IBM,JNJ,JPM,MCD,MRK,MSFT,PFE,PG,RTX,VZ,WMT,DIS,CVX,CSCO,TRV,UNH,NKE,GS,V,AAPL
2015-11-23 00:00:00,MMM,AXP,BA,CAT,KO,DD,XOM,GE,HD,INTC,IBM,JNJ,JPM,MCD,MRK,MSFT,PFE,PG,RTX,VZ,WMT,DIS,CVX,CSCO,TRV,UNH,NKE,GS,V,AAPL
2015-12-07 00:00:00,MMM,AXP,BA,CAT,KO,DD,XOM,GE,HD,INTC,IBM,JNJ,JPM,MCD,MRK,MSFT,PFE,PG,RTX,VZ,WMT,DIS,CVX,CSCO,TRV,UNH,NKE,GS,V,AAPL
2015-12-21 00:00:00,MMM,AXP,BA,CAT,KO,DD,XOM,GE,HD,INTC,IBM,JNJ,JPM,MCD,MRK,MSFT,PFE,PG,RTX,VZ,WMT,DIS,CVX,CSCO,TRV,UNH,NKE,GS,V,AAPL
2016-01-04 00:00:00,MMM,AXP,BA,CAT,KO,DD,XOM,GE,HD,INTC,IBM,JNJ,JPM,MCD,MRK,MSFT,PFE,PG,RTX,VZ,WMT,DIS,CVX,CSCO,TRV,UNH,NKE,GS,V,AAPL
2016-01-18 00:00:00,MMM,AXP,BA,CAT,KO,DD,XOM,GE,HD,INTC,IBM,JNJ,JPM,MCD,MRK,MSFT,PFE,PG,RTX,VZ,WMT,DIS,CVX,CSCO,TRV,UNH,NKE,GS,V,AAPL
2016-02-01 00:00:00,MMM,AXP,BA,CAT,KO,DD,XOM,GE,HD,INTC,IBM,JNJ,JPM,MCD,MRK,MSFT,PFE,PG,RTX,VZ,WMT,DIS,CVX,CSCO,TRV,UNH,NKE,GS,V,AAPL
2016-02-15 00:00:00,MMM,AXP,BA,CAT,KO,DD,XOM,GE,HD,INTC,IBM,JNJ,JPM,MCD,MRK,MSFT,PFE,PG,RTX,VZ,WMT,DIS,CVX,CSCO,TRV,UNH,NKE,GS,V,AAPL
2016-02-29 00:00:00,MMM,AXP,BA,CAT,KO,DD,XOM,GE,HD,INTC,IBM,JNJ,JPM,MCD,MRK,MSFT,PFE,PG,RTX,VZ,WMT,DIS,CVX,CSCO,TRV,UNH,NKE,GS,V,AAPL
2016-03-14 00:00:00,MMM,AXP,BA,CAT,KO,DD,XOM,GE,HD,INTC,IBM,JNJ,JPM,MCD,MRK,MSFT,PFE,PG,RTX,VZ,WMT,DIS,CVX,CSCO,TRV,UNH,NKE,GS,V,AAPL
2016-03-28 00:00:00,MMM,AXP,BA,CAT,KO,DD,XOM,GE,HD,INTC,IBM,JNJ,JPM,MCD,MRK,MSFT,PFE,PG,RTX,VZ,WMT,DIS,CVX,CSCO,TRV,UNH,NKE,GS,V,AAPL
2016-04-11 00:00:00,MMM,AXP,BA,CAT,KO,DD,XOM,GE,HD,INTC,IBM,JNJ,JPM,MCD,MRK,MSFT,PFE,PG,RTX,VZ,WMT,DIS,CVX,CSCO,TRV,UNH,NKE,GS,V,AAPL
2016-04-25 00:00:00,MMM,AXP,BA,CAT,KO,DD,XOM,GE,HD,INTC,IBM,JNJ,JPM,MCD,MRK,MSFT,PFE,PG,RTX,VZ,WMT,DIS,CVX,CSCO,TRV,UNH,NKE,GS,V,AAPL
2016-05-09 00:00:00,MMM,AXP,BA,CAT,KO,DD,XOM,GE,HD,INTC,IBM,JNJ,JPM,MCD,MRK,MSFT,PFE,PG,RTX,VZ,WMT,DIS,CVX,CSCO,TRV,UNH,NKE,GS,V,AAPL
2016-05-23 00:00:00,MMM,AXP,BA,CAT,KO,DD,XOM,GE,HD,INTC,IBM,JNJ,JPM,MCD,MRK,MSFT,PFE,PG,RTX,VZ,WMT,DIS,CVX,CSCO,TRV,UNH,NKE,GS,V,AAPL
2016-06-06 00:00:00,MMM,AXP,BA,CAT,KO,DD,XOM,GE,HD,INTC,IBM,JNJ,JPM,MCD,MRK,MSFT,PFE,PG,RTX,VZ,WMT,DIS,CVX,CSCO,TRV,UNH,NKE,GS,V,AAPL
2016-06-20 00:00:00,MMM,AXP,BA,CAT,KO,DD,XOM,GE,HD,INTC,IBM,JNJ,JPM,MCD,MRK,MSFT,PFE,PG,RTX,VZ,WMT,DIS,CVX,CSCO,TRV,UNH,NKE,GS,V,AAPL
2016-07-04 00:00:00,MMM,AXP,BA,CAT,KO,DD,XOM,GE,HD,INTC,IBM,JNJ,JPM,MCD,MRK,MSFT,PFE,PG,RTX,VZ,WMT,DIS,CVX,CSCO,TRV,UNH,NKE,GS,V,AAPL
2016-07-18 00:00:00,MMM,AXP,BA,CAT,KO,DD,XOM,GE,HD,INTC,IBM,JNJ,JPM,MCD,MRK,MSFT,PFE,PG,RTX,VZ,WMT,DIS,CVX,CSCO,TRV,UNH,NKE,GS,V,AAPL
2016-08-01 00:00:00,MMM,AXP,BA,CAT,KO,DD,XOM,GE,HD,INTC,IBM,JNJ,JPM,MCD,MRK,MSFT,PFE,PG,RTX,VZ,WMT,DIS,CVX,CSCO,TRV,UNH,NKE,GS,V,AAPL
2016-08-15 00:00:00,MMM,AXP,BA,CAT,KO,DD,XOM,GE,HD,INTC,IBM,JNJ,JPM,MCD,MRK,MSFT,PFE,PG,RTX,VZ,WMT,DIS,CVX,CSCO,TRV,UNH,NKE,GS,V,AAPL
2016-08-29 00:00:00,MMM,AXP,BA,CAT,KO,DD,XOM,GE,HD,INTC,IBM,JNJ,JPM,MCD,MRK,MSFT,PFE,PG,RTX,VZ,WMT,DIS,CVX,CSCO,TRV,UNH,NKE,GS,V,AAPL
2016-09-12 00:00:00,MMM,AXP,BA,CAT,KO,DD,XOM,GE,HD,INTC,IBM,JNJ,JPM,MCD,MRK,MSFT,PFE,PG,RTX,VZ,WMT,DIS,CVX,CSCO,TRV,UNH,NKE,GS,V,AAPL
2016-09-26 00:00:00,MMM,AXP,BA,CAT,KO,DD,XOM,GE,HD,INTC,IBM,JNJ,JPM,MCD,MRK,MSFT,PFE,PG,RTX,VZ,WMT,DIS,CVX,CSCO,TRV,UNH,NKE,GS,V,AAPL
2016-10-10 00:00:00,MMM,AXP,BA,CAT,KO,DD,XOM,GE,HD,INTC,IBM,JNJ,JPM,MCD,MRK,MSFT,PFE,PG,RTX,VZ,WMT,DIS,CVX,CSCO,TRV,UNH,NKE,GS,V,AAPL
2016-10-24 00:00:00,MMM,AXP,BA,CAT,KO,DD,XOM,GE,HD,INTC,IBM,JNJ,JPM,MCD,MRK,MSFT,PFE,PG,RTX,VZ,WMT,DIS,CVX,CSCO,TRV,UNH,NKE,GS,V,AAPL
2016-11-07 00:00:00,MMM,AXP,BA,CAT,KO,DD,XOM,GE,HD,INTC,IBM,JNJ,JPM,MCD,MRK,MSFT,PFE,PG,RTX,VZ,WMT,DIS,CVX,CSCO,TRV,UNH,NKE,GS,V,AAPL
2016-11-21 00:00:00,MMM,AXP,BA,CAT,KO,DD,XOM,GE,HD,INTC,IBM,JNJ,JPM,MCD,MRK,MSFT,PFE,PG,RTX,VZ,WMT,DIS,CVX,CSCO,TRV,UNH,NKE,GS,V,AAPL
2016-12-05 00:00:00,MMM,AXP,BA,CAT,KO,DD,XOM,GE,HD,INTC,IBM,JNJ,JPM,MCD,MRK,MSFT,PFE,PG,RTX,VZ,WMT,DIS,CVX,CSCO,TRV,UNH,NKE,GS,V,AAPL
2016-12-19 00:00:00,MMM,AXP,BA,CAT,KO,DD,XOM,GE,HD,INTC,IBM,JNJ,JPM,MCD,MRK,MSFT,PFE,PG,RTX,VZ,WMT,DIS,CVX,CSCO,TRV,UNH,NKE,GS,V,AAPL
2017-01-02 00:00:00,MMM,AXP,BA,CAT,KO,DD,XOM,GE,HD,INTC,IBM,JNJ,JPM,MCD,MRK,MSFT,PFE,PG,RTX,VZ,WMT,DIS,CVX,CSCO,TRV,UNH,NKE,GS,V,AAPL
2017-01-16 00:00:00,MMM,AXP,BA,CAT,KO,DD,XOM,GE,HD,INTC,IBM,JNJ,JPM,MCD,MRK,MSFT,PFE,PG,RTX,VZ,WMT,DIS,CVX,CSCO,TRV,UNH,NKE,GS,V,AAPL
2017-01-30 00:00:00,MMM,AXP,BA,CAT,KO,DD,XOM,GE,HD,INTC,IBM,JNJ,JPM,MCD,MRK,MSFT,PFE,PG,RTX,VZ,WMT,DIS,CVX,CSCO,TRV,UNH,NKE,GS,V,AAPL
2017-02-13 00:00:00,MMM,AXP,BA,CAT,KO,DD,XOM,GE,HD,INTC,IBM,JNJ,JPM,MCD,MRK,MSFT,PFE,PG,RTX,VZ,WMT,DIS,CVX,CSCO,TRV,UNH,NKE,GS,V,AAPL
2017-02-27 00:00:00,MMM,AXP,BA,CAT,KO,DD,XOM,GE,HD,INTC,IBM,JNJ,JPM,MCD,MRK,MSFT,PFE,PG,RTX,VZ,WMT,DIS,CVX,CSCO,TRV,UNH,NKE,GS,V,AAPL
2017-03-13 00:00:00,MMM,AXP,BA,CAT,KO,DD,XOM,GE,HD,INTC,IBM,JNJ,JPM,MCD,MRK,MSFT,PFE,PG,RTX,VZ,WMT,DIS,CVX,CSCO,TRV,UNH,NKE,GS,V,AAPL
2017-03-27 00:00:00,MMM,AXP,BA,CAT,KO,DD,XOM,GE,HD,INTC,IBM,JNJ,JPM,MCD,MRK,MSFT,PFE,PG,RTX,VZ,WMT,DIS,CVX,CSCO,TRV,UNH,NKE,GS,V,AAPL
2017-04-10 00:00:00,MMM,AXP,BA,CAT,KO,DD,XOM,GE,HD,INTC,IBM,JNJ,JPM,MCD,MRK,MSFT,PFE,PG,RTX,VZ,WMT,DIS,CVX,CSCO,TRV,UNH,NKE,GS,V,AAPL
2017-04-24 00:00:00,MMM,AXP,BA,CAT,KO,DD,XOM,GE,HD,INTC,IBM,JNJ,JPM,MCD,MRK,MSFT,PFE,PG,RTX,VZ,WMT,DIS,CVX,CSCO,TRV,UNH,NKE,GS,V,AAPL
2017-05-08 00:00:00,MMM,AXP,BA,CAT,KO,DD,XOM,GE,HD,INTC,IBM,JNJ,JPM,MCD,MRK,MSFT,PFE,PG,RTX,VZ,WMT,DIS,CVX,CSCO,TRV,UNH,NKE,GS,V,AAPL
2017-05-22 00:00:00,MMM,AXP,BA,CAT,KO,DD,XOM,GE,HD,INTC,IBM,JNJ,JPM,MCD,MRK,MSFT,PFE,PG,RTX,VZ,WMT,DIS,CVX,CSCO,TRV,UNH,NKE,GS,V,AAPL
2017-06-05 00:00:00,MMM,AXP,BA,CAT,KO,DD,XOM,GE,HD,INTC,IBM,JNJ,JPM,MCD,MRK,MSFT,PFE,PG,RTX,VZ,WMT,DIS,CVX,CSCO,TRV,UNH,NKE,GS,V,AAPL
2017-06-19 00:00:00,MMM,AXP,BA,CAT,KO,DD,XOM,GE,HD,INTC,IBM,JNJ,JPM,MCD,MRK,MSFT,PFE,PG,RTX,VZ,WMT,DIS,CVX,CSCO,TRV,UNH,NKE,GS,V,AAPL
2017-07-03 00:00:00,MMM,AXP,BA,CAT,KO,DD,XOM,GE,HD,INTC,IBM,JNJ,JPM,MCD,MRK,MSFT,PFE,PG,RTX,VZ,WMT,DIS,CVX,CSCO,TRV,UNH,NKE,GS,V,AAPL
2017-07-17 00:00:00,MMM,AXP,BA,CAT,KO,DD,XOM,GE,HD,INTC,IBM,JNJ,JPM,MCD,MRK,MSFT,PFE,PG,RTX,VZ,WMT,DIS,CVX,CSCO,TRV,UNH,NKE,GS,V,AAPL
2017-07-31 00:00:00,MMM,AXP,BA,CAT,KO,DD,XOM,GE,HD,INTC,IBM,JNJ,JPM,MCD,MRK,MSFT,PFE,PG,RTX,VZ,WMT,DIS,CVX,CSCO,TRV,UNH,NKE,GS,V,AAPL
2017-08-14 00:00:00,MMM,AXP,BA,CAT,KO,DD,XOM,GE,HD,INTC,IBM,JNJ,JPM,MCD,MRK,MSFT,PFE,PG,RTX,VZ,WMT,DIS,CVX,CSCO,TRV,UNH,NKE,GS,V,AAPL
2017-08-28 00:00:00,MMM,AXP,BA,CAT,KO,DD,XOM,GE,HD,INTC,IBM,JNJ,JPM,MCD,MRK,MSFT,PFE,PG,RTX,VZ,WMT,DIS,CVX,CSCO,TRV,UNH,NKE,GS,V,AAPL
2017-09-11 00:00:00,MMM,AXP,BA,CAT,KO,XOM,GE,HD,INTC,IBM,JNJ,JPM,MCD,MRK,MSFT,PFE,PG,RTX,VZ,WMT,DIS,CVX,CSCO,TRV,UNH,NKE,GS,V,AAPL,DD
2017-09-25 00:00:00,MMM,AXP,BA,CAT,KO,XOM,GE,HD,INTC,IBM,JNJ,JPM,MCD,MRK,MSFT,PFE,PG,RTX,VZ,WMT,DIS,CVX,CSCO,TRV,UNH,NKE,GS,V,AAPL,DD
2017-10-09 00:00:00,MMM,AXP,BA,CAT,KO,XOM,GE,HD,INTC,IBM,JNJ,JPM,MCD,MRK,MSFT,PFE,PG,RTX,VZ,WMT,DIS,CVX,CSCO,TRV,UNH,NKE,GS,V,AAPL,DD
2017-10-23 00:00:00,MMM,AXP,BA,CAT,KO,XOM,GE,HD,INTC,IBM,JNJ,JPM,MCD,MRK,MSFT,PFE,PG,RTX,VZ,WMT,DIS,CVX,CSCO,TRV,UNH,NKE,GS,V,AAPL,DD
2017-11-06 00:00:00,MMM,AXP,BA,CAT,KO,XOM,GE,HD,INTC,IBM,JNJ,JPM,MCD,MRK,MSFT,PFE,PG,RTX,VZ,WMT,DIS,CVX,CSCO,TRV,UNH,NKE,GS,V,AAPL,DD
2017-11-20 00:00:00,MMM,AXP,BA,CAT,KO,XOM,GE,HD,INTC,IBM,JNJ,JPM,MCD,MRK,MSFT,PFE,PG,RTX,VZ,WMT,DIS,CVX,CSCO,TRV,UNH,NKE,GS,V,AAPL,DD
2017-12-04 00:00:00,MMM,AXP,BA,CAT,KO,XOM,GE,HD,INTC,IBM,JNJ,JPM,MCD,MRK,MSFT,PFE,PG,RTX,VZ,WMT,DIS,CVX,CSCO,TRV,UNH,NKE,GS,V,AAPL,DD
2017-12-18 00:00:00,MMM,AXP,BA,CAT,KO,XOM,GE,HD,INTC,IBM,JNJ,JPM,MCD,MRK,MSFT,PFE,PG,RTX,VZ,WMT,DIS,CVX,CSCO,TRV,UNH,NKE,GS,V,AAPL,DD
2018-01-01 00:00:00,MMM,AXP,BA,CAT,KO,XOM,GE,HD,INTC,IBM,JNJ,JPM,MCD,MRK,MSFT,PFE,PG,RTX,VZ,WMT,DIS,CVX,CSCO,TRV,UNH,NKE,GS,V,AAPL,DD
2018-01-15 00:00:00,MMM,AXP,BA,CAT,KO,XOM,GE,HD,INTC,IBM,JNJ,JPM,MCD,MRK,MSFT,PFE,PG,RTX,VZ,WMT,DIS,CVX,CSCO,TRV,UNH,NKE,GS,V,AAPL,DD
2018-01-29 00:00:00,MMM,AXP,BA,CAT,KO,XOM,GE,HD,INTC,IBM,JNJ,JPM,MCD,MRK,MSFT,PFE,PG,RTX,VZ,WMT,DIS,CVX,CSCO,TRV,UNH,NKE,GS,V,AAPL,DD
2018-02-12 00:00:00,MMM,AXP,BA,CAT,KO,XOM,GE,HD,INTC,IBM,JNJ,JPM,MCD,MRK,MSFT,PFE,PG,RTX,VZ,DIS,CVX,CSCO,TRV,UNH,NKE,GS,V,AAPL,DD,WMT
2018-02-26 00:00:00,MMM,AXP,BA,CAT,KO,XOM,GE,HD,INTC,IBM,JNJ,JPM,MCD,MRK,MSFT,PFE,PG,RTX,VZ,DIS,CVX,CSCO,TRV,UNH,NKE,GS,V,AAPL,DD,WMT
2018-03-12 00:00:00,MMM,AXP,BA,CAT,KO,XOM,GE,HD,INTC,IBM,JNJ,JPM,MCD,MRK,MSFT,PFE,PG,RTX,VZ,DIS,CVX,CSCO,TRV,UNH,NKE,GS,V,AAPL,DD,WMT
2018-03-26 00:00:00,MMM,AXP,BA,CAT,KO,XOM,GE,HD,INTC,IBM,JNJ,JPM,MCD,MRK,MSFT,PFE,PG,RTX,VZ,DIS,CVX,CSCO,TRV,UNH,NKE,GS,V,AAPL,DD,WMT
2018-04-09 00:00:00,MMM,AXP,BA,CAT,KO,XOM,GE,HD,INTC,IBM,JNJ,JPM,MCD,MRK,MSFT,PFE,PG,RTX,VZ,DIS,CVX,CSCO,TRV,UNH,NKE,GS,V,AAPL,DD,WMT
2018-04-23 00:00:00,MMM,AXP,BA,CAT,KO,XOM,GE,HD,INTC,IBM,JNJ,JPM,MCD,MRK,MSFT,PFE,PG,RTX,VZ,DIS,CVX,CSCO,TRV,UNH,NKE,GS,V,AAPL,DD,WMT
2018-05-07 00:00:00,MMM,AXP,BA,CAT,KO,XOM,GE,HD,INTC,IBM,JNJ,JPM,MCD,MRK,MSFT,PFE,PG,RTX,VZ,DIS,CVX,CSCO,TRV,UNH,NKE,GS,V,AAPL,DD,WMT
2018-05-21 00:00:00,MMM,AXP,BA,CAT,KO,XOM,GE,HD,INTC,IBM,JNJ,JPM,MCD,MRK,MSFT,PFE,PG,RTX,VZ,DIS,CVX,CSCO,TRV,UNH,NKE,GS,V,AAPL,DD,WMT
2018-06-04 00:00:00,MMM,AXP,BA,CAT,KO,XOM,GE,HD,INTC,IBM,JNJ,JPM,MCD,MRK,MSFT,PFE,PG,RTX,VZ,DIS,CVX,CSCO,TRV,UNH,NKE,GS,V,AAPL,DD,WMT
2018-06-18 00:00:00,MMM,AXP,BA,CAT,KO,XOM,GE,HD,INTC,IBM,JNJ,JPM,MCD,MRK,MSFT,PFE,PG,RTX,VZ,DIS,CVX,CSCO,TRV,UNH,NKE,GS,V,AAPL,DD,WMT
2018-07-02 00:00:00,MMM,AXP,BA,CAT,KO,XOM,HD,INTC,IBM,JNJ,JPM,MCD,MRK,MSFT,PFE,PG,RTX,VZ,DIS,CVX,CSCO,TRV,UNH,NKE,GS,V,AAPL,DD,WMT,WBA
2018-07-16 00:00:00,MMM,AXP,BA,CAT,KO,XOM,HD,INTC,IBM,JNJ,JPM,MCD,MRK,MSFT,PFE,PG,RTX,VZ,DIS,CVX,CSCO,TRV,UNH,NKE,GS,V,AAPL,DD,WMT,WBA
2018-07-30 00:00:00,MMM,AXP,BA,CAT,KO,XOM,HD,INTC,IBM,JNJ,JPM,MCD,MRK,MSFT,PFE,PG,RTX,VZ,DIS,CVX,CSCO,TRV,UNH,NKE,GS,V,AAPL,DD,WMT,WBA
2018-08-13 00:00:00,MMM,AXP,BA,CAT,KO,XOM,HD,INTC,IBM,JNJ,JPM,MCD,MRK,MSFT,PFE,PG,RTX,VZ,DIS,CVX,CSCO,TRV,UNH,NKE,GS,V,AAPL,DD,WMT,WBA
2018-08-27 00:00:00,MMM,AXP,BA,CAT,KO,XOM,HD,INTC,IBM,JNJ,JPM,MCD,MRK,MSFT,PFE,PG,RTX,VZ,DIS,CVX,CSCO,TRV,UNH,NKE,GS,V,AAPL,DD,WMT,WBA
2018-09-10 00:00:00,MMM,AXP,BA,CAT,KO,XOM,HD,INTC,IBM,JNJ,JPM,MCD,MRK,MSFT,PFE,PG,RTX,VZ,DIS,CVX,CSCO,TRV,UNH,NKE,GS,V,AAPL,DD,WMT,WBA
2018-09-24 00:00:00,MMM,AXP,BA,CAT,KO,XOM,HD,INTC,IBM,JNJ,JPM,MCD,MRK,MSFT,PFE,PG,RTX,VZ,DIS,CVX,CSCO,TRV,UNH,NKE,GS,V,AAPL,DD,WMT,WBA
2018-10-08 00:00:00,MMM,AXP,BA,CAT,KO,XOM,HD,INTC,IBM,JNJ,JPM,MCD,MRK,MSFT,PFE,PG,RTX,VZ,DIS,CVX,CSCO,TRV,UNH,NKE,GS,V,AAPL,DD,WMT,WBA
2018-10-22 00:00:00,MMM,AXP,BA,CAT,KO,XOM,HD,INTC,IBM,JNJ,JPM,MCD,MRK,MSFT,PFE,PG,RTX,VZ,DIS,CVX,CSCO,TRV,UNH,NKE,GS,V,AAPL,DD,WMT,WBA
2018-11-05 00:00:00,MMM,AXP,BA,CAT,KO,XOM,HD,INTC,IBM,JNJ,JPM,MCD,MRK,MSFT,PFE,PG,RTX,VZ,DIS,CVX,CSCO,TRV,UNH,NKE,GS,V,AAPL,DD,WMT,WBA
2018-11-19 00:00:00,MMM,AXP,BA,CAT,KO,XOM,HD,INTC,IBM,JNJ,JPM,MCD,MRK,MSFT,PFE,PG,RTX,VZ,DIS,CVX,CSCO,TRV,UNH,NKE,GS,V,AAPL,DD,WMT,WBA
2018-12-03 00:00:00,MMM,AXP,BA,CAT,KO,XOM,HD,INTC,IBM,JNJ,JPM,MCD,MRK,MSFT,PFE,PG,RTX,VZ,DIS,CVX,CSCO,TRV,UNH,NKE,GS,V,AAPL,DD,WMT,WBA
2018-12-17 00:00:00,MMM,AXP,BA,CAT,KO,XOM,HD,INTC,IBM,JNJ,JPM,MCD,MRK,MSFT,PFE,PG,RTX,VZ,DIS,CVX,CSCO,TRV,UNH,NKE,GS,V,AAPL,DD,WMT,WBA
2018-12-31 00:00:00,MMM,AXP,BA,CAT,KO,XOM,HD,INTC,IBM,JNJ,JPM,MCD,MRK,MSFT,PFE,PG,RTX,VZ,DIS,CVX,CSCO,TRV,UNH,NKE,GS,V,AAPL,DD,WMT,WBA
2019-01-14 00:00:00,MMM,AXP,BA,CAT,KO,XOM,HD,INTC,IBM,JNJ,JPM,MCD,MRK,MSFT,PFE,PG,RTX,VZ,DIS,CVX,CSCO,TRV,UNH,NKE,GS,V,AAPL,DD,WMT,WBA
2019-01-28 00:00:00,MMM,AXP,BA,CAT,KO,XOM,HD,INTC,IBM,JNJ,JPM,MCD,MRK,MSFT,PFE,PG,RTX,VZ,DIS,CVX,CSCO,TRV,UNH,NKE,GS,V,AAPL,DD,WMT,WBA
2019-02-11 00:00:00,MMM,AXP,BA,CAT,KO,XOM,HD,INTC,IBM,JNJ,JPM,MCD,MRK,MSFT,PFE,PG,RTX,VZ,DIS,CVX,CSCO,TRV,UNH,NKE,GS,V,AAPL,DD,WMT,WBA
2019-02-25 00:00:00,MMM,AXP,BA,CAT,KO,XOM,HD,INTC,IBM,JNJ,JPM,MCD,MRK,MSFT,PFE,PG,RTX,VZ,DIS,CVX,CSCO,TRV,UNH,NKE,GS,V,AAPL,DD,WMT,WBA
2019-03-11 00:00:00,MMM,AXP,BA,CAT,KO,XOM,HD,INTC,IBM,JNJ,JPM,MCD,MRK,MSFT,PFE,PG,RTX,VZ,DIS,CVX,CSCO,TRV,UNH,NKE,GS,V,AAPL,DD,WMT,WBA
2019-03-25 00:00:00,MMM,AXP,BA,CAT,KO,XOM,HD,INTC,IBM,JNJ,JPM,MCD,MRK,MSFT,PFE,PG,RTX,VZ,DIS,CVX,CSCO,TRV,UNH,NKE,GS,V,AAPL,DD,WMT,WBA
2019-04-08 00:00:00,MMM,AXP,BA,CAT,KO,XOM,HD,INTC,IBM,JNJ,JPM,MCD,MRK,MSFT,PFE,PG,RTX,VZ,DIS,CVX,CSCO,TRV,UNH,NKE,GS,V,AAPL,WMT,WBA,DOW
2019-04-22 00:00:00,MMM,AXP,BA,CAT,KO,XOM,HD,INTC,IBM,JNJ,JPM,MCD,MRK,MSFT,PFE,PG,RTX,VZ,DIS,CVX,CSCO,TRV,UNH,NKE,GS,V,AAPL,WMT,WBA,DOW
2019-05-06 00:00:00,MMM,AXP,BA,CAT,KO,XOM,HD,INTC,IBM,JNJ,JPM,MCD,MRK,MSFT,PFE,PG,RTX,VZ,DIS,CVX,CSCO,TRV,UNH,NKE,GS,V,AAPL,WMT,WBA,DOW
2019-05-20 00:00:00,MMM,AXP,BA,CAT,KO,XOM,HD,INTC,IBM,JNJ,JPM,MCD,MRK,MSFT,PFE,PG,RTX,VZ,DIS,CVX,CSCO,TRV,UNH,NKE,GS,V,AAPL,WMT,WBA,DOW
2019-06-03 00:00:00,MMM,AXP,BA,CAT,KO,XOM,HD,INTC,IBM,JNJ,JPM,MCD,MRK,MSFT,PFE,PG,RTX,VZ,DIS,CVX,CSCO,TRV,UNH,NKE,GS,V,AAPL,WMT,WBA,DOW
2019-06-17 00:00:00,MMM,AXP,BA,CAT,KO,XOM,HD,INTC,IBM,JNJ,JPM,MCD,MRK,MSFT,PFE,PG,RTX,VZ,DIS,CVX,CSCO,TRV,UNH,NKE,GS,V,AAPL,WMT,WBA,DOW
2019-07-01 00:00:00,MMM,AXP,BA,CAT,KO,XOM,HD,INTC,IBM,JNJ,JPM,MCD,MRK,MSFT,PFE,PG,RTX,VZ,DIS,CVX,CSCO,TRV,UNH,NKE,GS,V,AAPL,WMT,WBA,DOW
2019-07-15 00:00:00,MMM,AXP,BA,CAT,KO,XOM,HD,INTC,IBM,JNJ,JPM,MCD,MRK,MSFT,PFE,PG,RTX,VZ,DIS,CVX,CSCO,TRV,UNH,NKE,GS,V,AAPL,WMT,WBA,DOW
2019-07-29 00:00:00,MMM,AXP,BA,CAT,KO,XOM,HD,INTC,IBM,JNJ,JPM,MCD,MRK,MSFT,PFE,PG,RTX,VZ,DIS,CVX,CSCO,TRV,UNH,NKE,GS,V,AAPL,WMT,WBA,DOW
2019-08-12 00:00:00,MMM,AXP,BA,CAT,KO,XOM,HD,INTC,IBM,JNJ,JPM,MCD,MRK,MSFT,PFE,PG,RTX,VZ,DIS,CVX,CSCO,TRV,UNH,NKE,GS,V,AAPL,WMT,WBA,DOW
2019-08-26 00:00:00,MMM,AXP,BA,CAT,KO,XOM,HD,INTC,IBM,JNJ,JPM,MCD,MRK,MSFT,PFE,PG,RTX,VZ,DIS,CVX,CSCO,TRV,UNH,NKE,GS,V,AAPL,WMT,WBA,DOW
2019-09-09 00:00:00,MMM,AXP,BA,CAT,KO,XOM,HD,INTC,IBM,JNJ,JPM,MCD,MRK,MSFT,PFE,PG,RTX,VZ,DIS,CVX,CSCO,TRV,UNH,NKE,GS,V,AAPL,WMT,WBA,DOW
2019-09-23 00:00:00,MMM,AXP,BA,CAT,KO,XOM,HD,INTC,IBM,JNJ,JPM,MCD,MRK,MSFT,PFE,PG,RTX,VZ,DIS,CVX,CSCO,TRV,UNH,NKE,GS,V,AAPL,WMT,WBA,DOW
2019-10-07 00:00:00,MMM,AXP,BA,CAT,KO,XOM,HD,INTC,IBM,JNJ,JPM,MCD,MRK,MSFT,PFE,PG,RTX,VZ,DIS,CVX,CSCO,TRV,UNH,NKE,GS,V,AAPL,WMT,WBA,DOW
2019-10-21 00:00:00,MMM,AXP,BA,CAT,KO,XOM,HD,INTC,IBM,JNJ,JPM,MCD,MRK,MSFT,PFE,PG,RTX,VZ,DIS,CVX,CSCO,TRV,UNH,NKE,GS,V,AAPL,WMT,WBA,DOW
2019-11-04 00:00:00,MMM,AXP,BA,CAT,KO,XOM,HD,INTC,IBM,JNJ,JPM,MCD,MRK,MSFT,PFE,PG,RTX,VZ,DIS,CVX,CSCO,TRV,UNH,NKE,GS,V,AAPL,WMT,WBA,DOW
2019-11-18 00:00:00,MMM,AXP,BA,CAT,KO,XOM,HD,INTC,IBM,JNJ,JPM,MCD,MRK,MSFT,PFE,PG,RTX,VZ,DIS,CVX,CSCO,TRV,UNH,NKE,GS,V,AAPL,WMT,WBA,DOW
2019-12-02 00:00:00,MMM,AXP,BA,CAT,KO,XOM,HD,INTC,IBM,JNJ,JPM,MCD,MRK,MSFT,PFE,PG,RTX,VZ,DIS,CVX,CSCO,TRV,UNH,NKE,GS,V,AAPL,WMT,WBA,DOW
2019-12-16 00:00:00,MMM,AXP,BA,CAT,KO,XOM,HD,INTC,IBM,JNJ,JPM,MCD,MRK,MSFT,PFE,PG,RTX,VZ,DIS,CVX,CSCO,TRV,UNH,NKE,GS,V,AAPL,WMT,WBA,DOW
2019-12-30 00:00:00,MMM,AXP,BA,CAT,KO,XOM,HD,INTC,IBM,JNJ,JPM,MCD,MRK,MSFT,PFE,PG,RTX,VZ,DIS,CVX,CSCO,TRV,UNH,NKE,GS,V,AAPL,WMT,WBA,DOW
2020-01-13 00:00:00,MMM,AXP,BA,CAT,KO,XOM,HD,INTC,IBM,JNJ,JPM,MCD,MRK,MSFT,PFE,PG,RTX,VZ,DIS,CVX,CSCO,TRV,UNH,NKE,GS,V,AAPL,WMT,WBA,DOW
2020-01-27 00:00:00,MMM,AXP,BA,CAT,KO,XOM,HD,INTC,IBM,JNJ,JPM,MCD,MRK,MSFT,PFE,PG,RTX,VZ,DIS,CVX,CSCO,TRV,UNH,NKE,GS,V,AAPL,WMT,WBA,DOW
2020-02-10 00:00:00,MMM,AXP,BA,CAT,KO,XOM,HD,INTC,IBM,JNJ,JPM,MCD,MRK,MSFT,PFE,PG,RTX,VZ,DIS,CVX,CSCO,TRV,UNH,NKE,GS,V,AAPL,WMT,WBA,DOW
2020-02-24 00:00:00,MMM,AXP,BA,CAT,KO,XOM,HD,INTC,IBM,JNJ,JPM,MCD,MRK,MSFT,PFE,PG,RTX,VZ,DIS,CVX,CSCO,TRV,UNH,NKE,GS,V,AAPL,WMT,WBA,DOW
2020-03-09 00:00:00,MMM,AXP,BA,CAT,KO,XOM,HD,INTC,IBM,JNJ,JPM,MCD,MRK,MSFT,PFE,PG,RTX,VZ,DIS,CVX,CSCO,TRV,UNH,NKE,GS,V,AAPL,WMT,WBA,DOW
2020-03-23 00:00:00,MMM,AXP,BA,CAT,KO,XOM,HD,INTC,IBM,JNJ,JPM,MCD,MRK,MSFT,PFE,PG,RTX,VZ,DIS,CVX,CSCO,TRV,UNH,NKE,GS,V,AAPL,WMT,WBA,DOW
2020-04-06 00:00:00,MMM,AXP,BA,CAT,KO,XOM,HD,INTC,IBM,JNJ,JPM,MCD,MRK,MSFT,PFE,PG,RTX,VZ,DIS,CVX,CSCO,TRV,UNH,NKE,GS,V,AAPL,WMT,WBA,DOW
2020-04-20 00:00:00,MMM,AXP,BA,CAT,KO,XOM,HD,INTC,IBM,JNJ,JPM,MCD,MRK,MSFT,PFE,PG,VZ,DIS,CVX,CSCO,TRV,UNH,NKE,GS,V,AAPL,WMT,WBA,DOW,RTX
2020-05-04 00:00:00,MMM,AXP,BA,CAT,KO,XOM,HD,INTC,IBM,JNJ,JPM,MCD,MRK,MSFT,PFE,PG,VZ,DIS,CVX,CSCO,TRV,UNH,NKE,GS,V,AAPL,WMT,WBA,DOW,RTX
2020-05-18 00:00:00,MMM,AXP,BA,CAT,KO,XOM,HD,INTC,IBM,JNJ,JPM,MCD,MRK,MSFT,PFE,PG,VZ,DIS,CVX,CSCO,TRV,UNH,NKE,GS,V,AAPL,WMT,WBA,DOW,RTX
2020-06-01 00:00:00,MMM,AXP,BA,CAT,KO,XOM,HD,INTC,IBM,JNJ,JPM,MCD,MRK,MSFT,PFE,PG,VZ,DIS,CVX,CSCO,TRV,UNH,NKE,GS,V,AAPL,WMT,WBA,DOW,RTX
2020-06-15 00:00:00,MMM,AXP,BA,CAT,KO,XOM,HD,INTC,IBM,JNJ,JPM,MCD,MRK,MSFT,PFE,PG,VZ,DIS,CVX,CSCO,TRV,UNH,NKE,GS,V,AAPL,WMT,WBA,DOW,RTX
2020-06-29 00:00:00,MMM,AXP,BA,CAT,KO,XOM,HD,INTC,IBM,JNJ,JPM,MCD,MRK,MSFT,PFE,PG,VZ,DIS,CVX,CSCO,TRV,UNH,NKE,GS,V,AAPL,WMT,WBA,DOW,RTX
2020-07-13 00:00:00,MMM,AXP,BA,CAT,KO,XOM,HD,INTC,IBM,JNJ,JPM,MCD,MRK,MSFT,PFE,PG,VZ,DIS,CVX,CSCO,TRV,UNH,NKE,GS,V,AAPL,WMT,WBA,DOW,RTX
2020-07-27 00:00:00,MMM,AXP,BA,CAT,KO,XOM,HD,INTC,IBM,JNJ,JPM,MCD,MRK,MSFT,PFE,PG,VZ,DIS,CVX,CSCO,TRV,UNH,NKE,GS,V,AAPL,WMT,WBA,DOW,RTX
2020-08-10 00:00:00,MMM,AXP,BA,CAT,KO,XOM,HD,INTC,IBM,JNJ,JPM,MCD,MRK,MSFT,PFE,PG,VZ,DIS,CVX,CSCO,TRV,UNH,NKE,GS,V,AAPL,WMT,WBA,DOW,RTX
2020-08-24 00:00:00,MMM,AXP,BA,CAT,KO,XOM,HD,INTC,IBM,JNJ,JPM,MCD,MRK,MSFT,PFE,PG,VZ,DIS,CVX,CSCO,TRV,UNH,NKE,GS,V,AAPL,WMT,WBA,DOW,RTX
2020-09-07 00:00:00,MMM,AXP,BA,CAT,KO,HD,INTC,IBM,JNJ,JPM,MCD,MRK,MSFT,PG,VZ,DIS,CVX,CSCO,TRV,UNH,NKE,GS,V,AAPL,WMT,WBA,DOW,AMGN,HON,CRM
2020-09-21 00:00:00,MMM,AXP,BA,CAT,KO,HD,INTC,IBM,JNJ,JPM,MCD,MRK,MSFT,PG,VZ,DIS,CVX,CSCO,TRV,UNH,NKE,GS,V,AAPL,WMT,WBA,DOW,AMGN,HON,CRM
2020-10-05 00:00:00,MMM,AXP,BA,CAT,KO,HD,INTC,IBM,JNJ,JPM,MCD,MRK,MSFT,PG,VZ,DIS,CVX,CSCO,TRV,UNH,NKE,GS,V,AAPL,WMT,WBA,DOW,AMGN,HON,CRM
2020-10-19 00:00:00,MMM,AXP,BA,CAT,KO,HD,INTC,IBM,JNJ,JPM,MCD,MRK,MSFT,PG,VZ,DIS,CVX,CSCO,TRV,UNH,NKE,GS,V,AAPL,WMT,WBA,DOW,AMGN,HON,CRM
2020-11-02 00:00:00,MMM,AXP,BA,CAT,KO,HD,INTC,IBM,JNJ,JPM,MCD,MRK,MSFT,PG,VZ,DIS,CVX,CSCO,TRV,UNH,NKE,GS,V,AAPL,WMT,WBA,DOW,AMGN,HON,CRM
2020-11-16 00:00:00,MMM,AXP,BA,CAT,KO,HD,INTC,IBM,JNJ,JPM,MCD,MRK,MSFT,PG,VZ,DIS,CVX,CSCO,TRV,UNH,NKE,GS,V,AAPL,WMT,WBA,DOW,AMGN,HON,CRM
2020-11-30 00:00:00,MMM,AXP,BA,CAT,KO,HD,INTC,IBM,JNJ,JPM,MCD,MRK,MSFT,PG,VZ,DIS,CVX,CSCO,TRV,UNH,NKE,GS,V,AAPL,WMT,WBA,DOW,AMGN,HON,CRM
2020-12-14 00:00:00,MMM,AXP,BA,CAT,KO,HD,INTC,IBM,JNJ,JPM,MCD,MRK,MSFT,PG,VZ,DIS,CVX,CSCO,TRV,UNH,NKE,GS,V,AAPL,WMT,WBA,DOW,AMGN,HON,CRM
2020-12-28 00:00:00,MMM,AXP,BA,CAT,KO,HD,INTC,IBM,JNJ,JPM,MCD,MRK,MSFT,PG,VZ,DIS,CVX,CSCO,TRV,UNH,NKE,GS,V,AAPL,WMT,WBA,DOW,AMGN,HON,CRM
2021-01-11 00:00:00,MMM,AXP,BA,CAT,KO,HD,INTC,IBM,JNJ,JPM,MCD,MRK,MSFT,PG,VZ,DIS,CVX,CSCO,TRV,UNH,NKE,GS,V,AAPL,WMT,WBA,DOW,AMGN,HON,CRM
2021-01-25 00:00:00,MMM,AXP,BA,CAT,KO,HD,INTC,IBM,JNJ,JPM,MCD,MRK,MSFT,PG,VZ,DIS,CVX,CSCO,TRV,UNH,NKE,GS,V,AAPL,WMT,WBA,DOW,AMGN,HON,CRM
2021-02-08 00:00:00,MMM,AXP,BA,CAT,KO,HD,INTC,IBM,JNJ,JPM,MCD,MRK,MSFT,PG,VZ,DIS,CVX,CSCO,TRV,UNH,NKE,GS,V,AAPL,WMT,WBA,DOW,AMGN,HON,CRM
2021-02-22 00:00:00,MMM,AXP,BA,CAT,KO,HD,INTC,IBM,JNJ,JPM,MCD,MRK,MSFT,PG,VZ,DIS,CVX,CSCO,TRV,UNH,NKE,GS,V,AAPL,WMT,WBA,DOW,AMGN,HON,CRM
2021-03-08 00:00:00,MMM,AXP,BA,CAT,KO,HD,INTC,IBM,JNJ,JPM,MCD,MRK,MSFT,PG,VZ,DIS,CVX,CSCO,TRV,UNH,NKE,GS,V,AAPL,WMT,WBA,DOW,AMGN,HON,CRM
2021-03-22 00:00:00,MMM,AXP,BA,CAT,KO,HD,INTC,IBM,JNJ,JPM,MCD,MRK,MSFT,PG,VZ,DIS,CVX,CSCO,TRV,UNH,NKE,GS,V,AAPL,WMT,WBA,DOW,AMGN,HON,CRM
2021-04-05 00:00:00,MMM,AXP,BA,CAT,KO,HD,INTC,IBM,JNJ,JPM,MCD,MRK,MSFT,PG,VZ,DIS,CVX,CSCO,TRV,UNH,NKE,GS,V,AAPL,WMT,WBA,DOW,AMGN,HON,CRM
2021-04-19 00:00:00,MMM,AXP,BA,CAT,KO,HD,INTC,IBM,JNJ,JPM,MCD,MRK,MSFT,PG,VZ,DIS,CVX,CSCO,TRV,UNH,NKE,GS,V,AAPL,WMT,WBA,DOW,AMGN,HON,CRM
2021-05-03 00:00:00,MMM,AXP,BA,CAT,KO,HD,INTC,IBM,JNJ,JPM,MCD,MRK,MSFT,PG,VZ,DIS,CVX,CSCO,TRV,UNH,NKE,GS,V,AAPL,WMT,WBA,DOW,AMGN,HON,CRM
2021-05-17 00:00:00,MMM,AXP,BA,CAT,KO,HD,INTC,IBM,JNJ,JPM,MCD,MRK,MSFT,PG,VZ,DIS,CVX,CSCO,TRV,UNH,NKE,GS,V,AAPL,WMT,WBA,DOW,AMGN,HON,CRM
2021-05-31 00:00:00,MMM,AXP,BA,CAT,KO,HD,INTC,IBM,JNJ,JPM,MCD,MRK,MSFT,PG,VZ,DIS,CVX,CSCO,TRV,UNH,NKE,GS,V,AAPL,WMT,WBA,DOW,AMGN,HON,CRM
2021-06-14 00:00:00,MMM,AXP,BA,CAT,KO,HD,INTC,IBM,JNJ,JPM,MCD,MRK,MSFT,PG,VZ,DIS,CVX,CSCO,TRV,UNH,NKE,GS,V,AAPL,WMT,WBA,DOW,AMGN,HON,CRM
2021-06-28 00:00:00,MMM,AXP,BA,CAT,KO,HD,INTC,IBM,JNJ,JPM,MCD,MRK,MSFT,PG,VZ,DIS,CVX,CSCO,TRV,UNH,NKE,GS,V,AAPL,WMT,WBA,DOW,AMGN,HON,CRM
2021-07-12 00:00:00,MMM,AXP,BA,CAT,KO,HD,INTC,IBM,JNJ,JPM,MCD,MRK,MSFT,PG,VZ,DIS,CVX,CSCO,TRV,UNH,NKE,GS,V,AAPL,WMT,WBA,DOW,AMGN,HON,CRM
2021-07-26 00:00:00,MMM,AXP,BA,CAT,KO,HD,INTC,IBM,JNJ,JPM,MCD,MRK,MSFT,PG,VZ,DIS,CVX,CSCO,TRV,UNH,NKE,GS,V,AAPL,WMT,WBA,DOW,AMGN,HON,CRM
2021-08-09 00:00:00,MMM,AXP,BA,CAT,KO,HD,INTC,IBM,JNJ,JPM,MCD,MRK,MSFT,PG,VZ,DIS,CVX,CSCO,TRV,UNH,NKE,GS,V,AAPL,WMT,WBA,DOW,AMGN,HON,CRM
2021-08-23 00:00:00,MMM,AXP,BA,CAT,KO,HD,INTC,IBM,JNJ,JPM,MCD,MRK,MSFT,PG,VZ,DIS,CVX,CSCO,TRV,UNH,NKE,GS,V,AAPL,WMT,WBA,DOW,AMGN,HON,CRM
2021-09-06 00:00:00,MMM,AXP,BA,CAT,KO,HD,INTC,IBM,JNJ,JPM,MCD,MRK,MSFT,PG,VZ,DIS,CVX,CSCO,TRV,UNH,NKE,GS,V,AAPL,WMT,WBA,DOW,AMGN,HON,CRM
2021-09-20 00:00:00,MMM,AXP,BA,CAT,KO,HD,INTC,IBM,JNJ,JPM,MCD,MRK,MSFT,PG,VZ,DIS,CVX,CSCO,TRV,UNH,NKE,GS,V,AAPL,WMT,WBA,DOW,AMGN,HON,CRM
2021-10-04 00:00:00,MMM,AXP,BA,CAT,KO,HD,INTC,IBM,JNJ,JPM,MCD,MRK,MSFT,PG,VZ,DIS,CVX,CSCO,TRV,UNH,NKE,GS,V,AAPL,WMT,WBA,DOW,AMGN,HON,CRM
2021-10-18 00:00:00,MMM,AXP,BA,CAT,KO,HD,INTC,IBM,JNJ,JPM,MCD,MRK,MSFT,PG,VZ,DIS,CVX,CSCO,TRV,UNH,NKE,GS,V,AAPL,WMT,WBA,DOW,AMGN,HON,CRM
2021-11-01 00:00:00,MMM,AXP,BA,CAT,KO,HD,INTC,IBM,JNJ,JPM,MCD,MRK,MSFT,PG,VZ,DIS,CVX,CSCO,TRV,UNH,NKE,GS,V,AAPL,WMT,WBA,DOW,AMGN,HON,CRM
2021-11-15 00:00:00,MMM,AXP,BA,CAT,KO,HD,INTC,IBM,JNJ,JPM,MCD,MRK,MSFT,PG,VZ,DIS,CVX,CSCO,TRV,UNH,NKE,GS,V,AAPL,WMT,WBA,DOW,AMGN,HON,CRM
2021-11-29 00:00:00,MMM,AXP,BA,CAT,KO,HD,INTC,IBM,JNJ,JPM,MCD,MRK,MSFT,PG,VZ,DIS,CVX,CSCO,TRV,UNH,NKE,GS,V,AAPL,WMT,WBA,DOW,AMGN,HON,CRM
2021-12-13 00:00:00,MMM,AXP,BA,CAT,KO,HD,INTC,IBM,JNJ,JPM,MCD,MRK,MSFT,PG,VZ,DIS,CVX,CSCO,TRV,UNH,NKE,GS,V,AAPL,WMT,WBA,DOW,AMGN,HON,CRM
2021-12-27 00:00:00,MMM,AXP,BA,CAT,KO,HD,INTC,IBM,JNJ,JPM,MCD,MRK,MSFT,PG,VZ,DIS,CVX,CSCO,TRV,UNH,NKE,GS,V,AAPL,WMT,WBA,DOW,AMGN,HON,CRM
2022-01-10 00:00:00,MMM,AXP,BA,CAT,KO,HD,INTC,IBM,JNJ,JPM,MCD,MRK,MSFT,PG,VZ,DIS,CVX,CSCO,TRV,UNH,NKE,GS,V,AAPL,WMT,WBA,DOW,AMGN,HON,CRM
2022-01-24 00:00:00,MMM,AXP,BA,CAT,KO,HD,INTC,IBM,JNJ,JPM,MCD,MRK,MSFT,PG,VZ,DIS,CVX,CSCO,TRV,UNH,NKE,GS,V,AAPL,WMT,WBA,DOW,AMGN,HON,CRM
2022-02-07 00:00:00,MMM,AXP,BA,CAT,KO,HD,INTC,IBM,JNJ,JPM,MCD,MRK,MSFT,PG,VZ,DIS,CVX,CSCO,TRV,UNH,NKE,GS,V,AAPL,WMT,WBA,DOW,AMGN,HON,CRM
2022-02-21 00:00:00,MMM,AXP,BA,CAT,KO,HD,INTC,IBM,JNJ,JPM,MCD,MRK,MSFT,PG,VZ,DIS,CVX,CSCO,TRV,UNH,NKE,GS,V,AAPL,WMT,WBA,DOW,AMGN,HON,CRM
2022-03-07 00:00:00,MMM,AXP,BA,CAT,KO,HD,INTC,IBM,JNJ,JPM,MCD,MRK,MSFT,PG,VZ,DIS,CVX,CSCO,TRV,UNH,NKE,GS,V,AAPL,WMT,WBA,DOW,AMGN,HON,CRM
2022-03-21 00:00:00,MMM,AXP,BA,CAT,KO,HD,INTC,IBM,JNJ,JPM,MCD,MRK,MSFT,PG,VZ,DIS,CVX,CSCO,TRV,UNH,NKE,GS,V,AAPL,WMT,WBA,DOW,AMGN,HON,CRM
2022-04-04 00:00:00,MMM,AXP,BA,CAT,KO,HD,INTC,IBM,JNJ,JPM,MCD,MRK,MSFT,PG,VZ,DIS,CVX,CSCO,TRV,UNH,NKE,GS,V,AAPL,WMT,WBA,DOW,AMGN,HON,CRM
2022-04-18 00:00:00,MMM,AXP,BA,CAT,KO,HD,INTC,IBM,JNJ,JPM,MCD,MRK,MSFT,PG,VZ,DIS,CVX,CSCO,TRV,UNH,NKE,GS,V,AAPL,WMT,WBA,DOW,AMGN,HON,CRM
2022-05-02 00:00:00,MMM,AXP,BA,CAT,KO,HD,INTC,IBM,JNJ,JPM,MCD,MRK,MSFT,PG,VZ,DIS,CVX,CSCO,TRV,UNH,NKE,GS,V,AAPL,WMT,WBA,DOW,AMGN,HON,CRM
2022-05-16 00:00:00,MMM,AXP,BA,CAT,KO,HD,INTC,IBM,JNJ,JPM,MCD,MRK,MSFT,PG,VZ,DIS,CVX,CSCO,TRV,UNH,NKE,GS,V,AAPL,WMT,WBA,DOW,AMGN,HON,CRM
2022-05-30 00:00:00,MMM,AXP,BA,CAT,KO,HD,INTC,IBM,JNJ,JPM,MCD,MRK,MSFT,PG,VZ,DIS,CVX,CSCO,TRV,UNH,NKE,GS,V,AAPL,WMT,WBA,DOW,AMGN,HON,CRM
2022-06-13 00:00:00,MMM,AXP,BA,CAT,KO,HD,INTC,IBM,JNJ,JPM,MCD,MRK,MSFT,PG,VZ,DIS,CVX,CSCO,TRV,UNH,NKE,GS,V,AAPL,WMT,WBA,DOW,AMGN,HON,CRM
2022-06-27 00:00:00,MMM,AXP,BA,CAT,KO,HD,INTC,IBM,JNJ,JPM,MCD,MRK,MSFT,PG,VZ,DIS,CVX,CSCO,TRV,UNH,NKE,GS,V,AAPL,WMT,WBA,DOW,AMGN,HON,CRM
2022-07-11 00:00:00,MMM,AXP,BA,CAT,KO,HD,INTC,IBM,JNJ,JPM,MCD,MRK,MSFT,PG,VZ,DIS,CVX,CSCO,TRV,UNH,NKE,GS,V,AAPL,WMT,WBA,DOW,AMGN,HON,CRM
2022-07-25 00:00:00,MMM,AXP,BA,CAT,KO,HD,INTC,IBM,JNJ,JPM,MCD,MRK,MSFT,PG,VZ,DIS,CVX,CSCO,TRV,UNH,NKE,GS,V,AAPL,WMT,WBA,DOW,AMGN,HON,CRM
2022-08-08 00:00:00,MMM,AXP,BA,CAT,KO,HD,INTC,IBM,JNJ,JPM,MCD,MRK,MSFT,PG,VZ,DIS,CVX,CSCO,TRV,UNH,NKE,GS,V,AAPL,WMT,WBA,DOW,AMGN,HON,CRM
2022-08-22 00:00:00,MMM,AXP,BA,CAT,KO,HD,INTC,IBM,JNJ,JPM,MCD,MRK,MSFT,PG,VZ,DIS,CVX,CSCO,TRV,UNH,NKE,GS,V,AAPL,WMT,WBA,DOW,AMGN,HON,CRM
2022-09-05 00:00:00,MMM,AXP,BA,CAT,KO,HD,INTC,IBM,JNJ,JPM,MCD,MRK,MSFT,PG,VZ,DIS,CVX,CSCO,TRV,UNH,NKE,GS,V,AAPL,WMT,WBA,DOW,AMGN,HON,CRM
2022-09-19 00:00:00,MMM,AXP,BA,CAT,KO,HD,INTC,IBM,JNJ,JPM,MCD,MRK,MSFT,PG,VZ,DIS,CVX,CSCO,TRV,UNH,NKE,GS,V,AAPL,WMT,WBA,DOW,AMGN,HON,CRM
2022-10-03 00:00:00,MMM,AXP,BA,CAT,KO,HD,INTC,IBM,JNJ,JPM,MCD,MRK,MSFT,PG,VZ,DIS,CVX,CSCO,TRV,UNH,NKE,GS,V,AAPL,WMT,WBA,DOW,AMGN,HON,CRM
2022-10-17 00:00:00,MMM,AXP,BA,CAT,KO,HD,INTC,IBM,JNJ,JPM,MCD,MRK,MSFT,PG,VZ,DIS,CVX,CSCO,TRV,UNH,NKE,GS,V,AAPL,WMT,WBA,DOW,AMGN,HON,CRM
2022-10-31 00:00:00,MMM,AXP,BA,CAT,KO,HD,INTC,IBM,JNJ,JPM,MCD,MRK,MSFT,PG,VZ,DIS,CVX,CSCO,TRV,UNH,NKE,GS,V,AAPL,WMT,WBA,DOW,AMGN,HON,CRM
2022-11-14 00:00:00,MMM,AXP,BA,CAT,KO,HD,INTC,IBM,JNJ,JPM,MCD,MRK,MSFT,PG,VZ,DIS,CVX,CSCO,TRV,UNH,NKE,GS,V,AAPL,WMT,WBA,DOW,AMGN,HON,CRM
2022-11-28 00:00:00,MMM,AXP,BA,CAT,KO,HD,INTC,IBM,JNJ,JPM,MCD,MRK,MSFT,PG,VZ,DIS,CVX,CSCO,TRV,UNH,NKE,GS,V,AAPL,WMT,WBA,DOW,AMGN,HON,CRM
2022-12-12 00:00:00,MMM,AXP,BA,CAT,KO,HD,INTC,IBM,JNJ,JPM,MCD,MRK,MSFT,PG,VZ,DIS,CVX,CSCO,TRV,UNH,NKE,GS,V,AAPL,WMT,WBA,DOW,AMGN,HON,CRM
2022-12-26 00:00:00,MMM,AXP,BA,CAT,KO,HD,INTC,IBM,JNJ,JPM,MCD,MRK,MSFT,PG,VZ,DIS,CVX,CSCO,TRV,UNH,NKE,GS,V,AAPL,WMT,WBA,DOW,AMGN,HON,CRM
